MEDIA_ID,MEDIA_NAME,CNT,TIME(2024/03/12 12:23:38.733),TIMETICK(f=10000000),FPOGX,FPOGY,FPOGS,FPOGD,FPOGID,FPOGV,BPOGX,BPOGY,BPOGV,CX,CY,CS,KB,KBS,USER,LPCX,LPCY,LPD,LPS,LPV,RPCX,RPCY,RPD,RPS,RPV,BKID,BKDUR,BKPMIN,LPMM,LPMMV,RPMM,RPMMV,DIAL,DIALV,GSR,GSRV,HR,HRV,HRP,IBI,TTL0,TTL1,TTL2,TTL3,TTL4,TTL5,TTL6,TTLV,PIXS,PIXV,AOI,SACCADE_MAG,SACCADE_DIR,VID_FRAME,Unnamed: 59
0,NewMedia0,0,0.0,5999990824192,0.43023,0.1373,0.0,0.0,1,1,0.42813,0.21516,1,0.38333,0.0787,3, ,0,,0.26487,0.55031,15.06753,1.0597,1,0.56679,0.50598,14.90786,1.0597,1,0,0.0,10,2.85046,1,2.9553,1,0.0,0,0,0,0,0,0,0.0,1,1,1,1,1,1,1,0,0.0,0,,0.0,0.0,0,
0,NewMedia0,573,3.88635,6000029687155,0.62788,0.33517,3.71216,0.17419,16,1,0.64422,0.30509,1,0.93958,0.00833,1, ,0,,0.32861,0.55818,16.14718,1.00277,1,0.63266,0.53136,16.97862,1.00955,1,0,0.0,11,3.01937,1,2.89401,1,0.0,0,0,0,0,0,0,0.0,1,1,1,1,1,1,1,0,0.0,0,,0.0,0.0,0,
0,NewMedia0,584,3.95856,6000030409489,0.62799,0.33002,3.90485,0.05371,17,1,0.62696,0.32015,1,0.93958,0.00833,3, ,0,,0.32856,0.55839,16.02153,1.00156,1,0.63248,0.53135,16.94792,1.00156,1,0,0.0,11,3.00334,1,2.87369,1,0.0,0,0,0,0,0,0,0.0,1,1,1,1,1,1,1,0,0.0,0,,0.0,0.0,0,
0,NewMedia0,755,5.10413,6000041865057,0.43515,0.40103,5.01678,0.08734,22,1,0.42779,0.47825,1,0.7849,0.16296,1, ,0,,0.31164,0.56488,14.19591,1.01476,1,0.61663,0.53363,14.42981,1.02154,1,0,0.0,11,2.61759,1,2.85713,1,0.0,0,0,0,0,0,0,0.0,1,1,1,1,1,1,1,0,0.0,0,,0.0,0.0,0,
0,NewMedia0,771,5.2113,6000042937112,0.65751,0.39759,5.18658,0.02472,23,1,0.65633,0.38308,1,0.7849,0.16296,3, ,0,,0.31874,0.56563,14.05526,0.98812,1,0.62348,0.53408,14.11192,0.98134,1,0,0.0,11,2.87504,1,2.57803,1,0.0,0,0,0,0,0,0,0.0,1,1,1,1,1,1,1,0,0.0,0,,0.0,0.0,0,
0,NewMedia0,1129,7.66931,6000067517095,0.54569,0.49472,7.5152,0.15411,34,1,0.54741,0.49074,1,0.52344,0.53241,1, ,0,,0.32464,0.56509,13.35866,1.02153,1,0.63001,0.5385,13.76648,1.02153,1,0,0.0,12,2.49479,1,2.5554,1,0.0,0,0,0,0,0,0,0.0,1,1,1,1,1,1,1,0,0.0,0,,7.54516,316.48871,0,
0,NewMedia0,1143,7.76318,6000068456021,0.54658,0.49462,7.67633,0.08685,35,1,0.52132,0.48037,1,0.52344,0.53241,3, ,0,,0.32541,0.56445,13.38895,1.02153,1,0.63068,0.53773,12.67931,1.02153,1,0,0.0,12,2.44073,1,2.58792,1,0.0,0,0,0,0,0,0,0.0,1,1,1,1,1,1,1,0,0.0,0,,0.0,0.0,0,
0,NewMedia0,1598,10.81769,6000099000514,0.48679,0.25269,10.7356,0.08209,53,1,0.32993,0.32033,1,0.24792,0.38611,1, ,0,,0.24871,0.57563,13.45446,1.02152,1,0.55336,0.52502,13.61011,1.02152,1,0,0.0,12,2.45377,1,2.94839,1,0.0,0,0,0,0,0,0,0.0,1,1,1,1,1,1,1,0,0.0,0,,0.0,0.0,0,
0,NewMedia0,1610,10.89801,6000099803822,0.33645,0.29605,10.85785,0.04016,54,1,0.34656,0.34016,1,0.24792,0.38611,3, ,0,,0.2497,0.57583,14.40515,1.02152,1,0.55476,0.52483,13.70755,1.02152,1,0,0.0,12,2.46649,1,3.12471,1,0.0,0,0,0,0,0,0,0.0,1,1,1,1,1,1,1,0,0.0,0,,0.0,0.0,0,
0,NewMedia0,3262,22.10596,6000211883616,0.37168,0.41784,22.05072,0.05524,113,1,0.35397,0.43801,1,0.25469,0.38148,1, ,0,,0.29189,0.56147,14.3132,0.99436,1,0.59726,0.52612,13.35652,1.00114,1,0,0.0,15,2.33828,1,2.91152,1,0.0,0,0,0,0,0,0,0.0,1,1,1,1,1,1,1,0,0.0,0,,0.0,0.0,0,
0,NewMedia0,3277,22.2049,6000212872719,0.36694,0.44681,22.05072,0.15417,113,1,0.35276,0.42791,1,0.25469,0.38148,3, ,0,,0.29265,0.56142,14.24417,1.04181,1,0.59824,0.52624,13.30871,1.04181,1,0,0.0,15,2.35454,1,2.79215,1,0.0,0,0,0,0,0,0,0.0,1,1,1,1,1,1,1,0,0.0,0,,0.0,0.0,0,
0,NewMedia0,3470,23.52667,6000226090551,0.29021,0.58777,23.39777,0.12891,118,1,0.26882,0.57507,1,0.24427,0.65093,1, ,0,,0.26428,0.57527,13.01894,1.03251,1,0.56947,0.53194,12.18612,1.03251,1,0,0.0,15,2.18894,1,2.68133,1,0.0,0,0,0,0,0,0,0.0,1,1,1,1,1,1,1,0,0.0,0,,0.0,0.0,0,
0,NewMedia0,3480,23.59937,6000226817537,0.28884,0.59002,23.39777,0.2016,118,1,0.25783,0.63475,1,0.24427,0.65093,3, ,0,,0.26513,0.57509,13.25515,1.01603,1,0.57011,0.53124,12.26532,1.02281,1,0,0.0,15,2.21216,1,2.69421,1,0.0,0,0,0,0,0,0,0.0,1,1,1,1,1,1,1,0,0.0,0,,0.0,0.0,0,
0,NewMedia0,4621,32.44025,6000315226200,0.26751,0.6725,32.41992,0.02032,156,1,0.25089,0.62217,1,0.225,0.69167,1, ,0,,0.28105,0.54663,14.27572,0.99592,1,0.5912,0.51143,13.57505,0.99592,1,0,0.0,18,2.35885,1,2.74645,1,0.0,0,0,0,0,0,0,0.0,1,1,1,1,1,1,1,0,0.0,0,,0.0,0.0,0,
0,NewMedia0,4637,32.54736,6000316297541,0.26542,0.57091,32.52887,0.01849,157,1,0.25583,0.55784,1,0.225,0.69167,3, ,0,,0.28029,0.54373,14.03451,0.97437,1,0.59123,0.50792,14.00042,0.97437,1,0,0.0,18,2.44514,1,2.78193,1,0.0,0,0,0,0,0,0,0.0,1,1,1,1,1,1,1,0,0.0,0,,0.0,0.0,0,
0,NewMedia0,4798,33.633,6000327153877,0.26797,0.61852,33.41113,0.22186,161,1,0.22053,0.56845,1,0.24635,0.65,1, ,0,,0.23691,0.576,14.4793,0.99226,1,0.54399,0.52343,13.33949,0.99226,1,0,0.0,18,2.41881,1,2.68808,1,0.0,0,0,0,0,0,0,0.0,1,1,1,1,1,1,1,0,0.0,0,,0.0,0.0,0,
0,NewMedia0,4811,33.71924,6000328016180,0.23499,0.57551,33.65906,0.06018,162,1,0.23492,0.51349,1,0.24635,0.64907,3, ,0,,0.2426,0.5782,13.78994,1.01469,1,0.55029,0.52625,13.16944,1.01469,1,0,0.0,18,2.38115,1,2.68796,1,0.0,0,0,0,0,0,0,0.0,1,1,1,1,1,1,1,0,0.0,0,,0.0,0.0,0,
0,NewMedia0,5882,41.31549,6000403978649,0.27152,0.64163,41.08752,0.22797,189,1,0.26093,0.55208,1,0.21979,0.68426,1, ,0,,0.21025,0.56862,14.68593,0.99226,1,0.51936,0.51564,14.13803,0.99836,1,0,0.0,16,2.44601,1,2.66958,1,0.0,0,0,0,0,0,0,0.0,1,1,1,1,1,1,1,0,0.0,0,,0.0,0.0,0,
0,NewMedia0,5894,41.40009,6000404824579,0.26798,0.64496,41.08752,0.31256,189,1,0.23731,0.67556,1,0.21979,0.68426,3, ,0,,0.21073,0.56821,14.35735,0.99434,1,0.51973,0.51495,13.55465,0.99434,1,0,0.0,16,2.40579,1,2.7372,1,0.0,0,0,0,0,0,0,0.0,1,1,1,1,1,1,1,0,0.0,0,,0.0,0.0,0,
0,NewMedia0,5987,42.02307,6000411054546,0.36264,0.52941,41.8725,0.15057,191,1,0.35742,0.51543,1,0.22865,0.6537,1, ,0,,0.21016,0.56391,14.98893,0.99434,1,0.51825,0.50755,13.92618,0.99434,1,0,0.0,16,2.43062,1,2.65565,1,0.0,0,0,0,0,0,0,0.0,1,1,1,1,1,1,1,0,0.0,0,,0.0,0.0,0,
0,NewMedia0,6000,42.10583,6000411882267,0.35956,0.52784,41.8725,0.23334,191,1,0.33607,0.49128,1,0.22865,0.6537,3, ,0,,0.216,0.55942,13.69893,1.01469,1,0.52376,0.50436,13.44625,1.0079,1,0,0.0,16,2.35746,1,2.69486,1,0.0,0,0,0,0,0,0,0.0,1,1,1,1,1,1,1,0,0.0,0,,0.0,0.0,0,
0,NewMedia0,8528,59.73584,6000588182060,0.31408,0.7086,59.71582,0.02002,272,1,0.2999,0.68414,1,0.21406,0.68796,1, ,0,,0.18121,0.54456,13.01997,0.9677,1,0.49826,0.49519,12.65168,0.9677,1,0,0.0,14,2.23751,1,2.61839,1,0.0,0,0,0,0,0,0,0.0,1,1,1,1,1,1,1,0,0.0,0,,0.0,0.0,0,
0,NewMedia0,8543,59.83844,6000589208336,0.30004,0.69471,59.71582,0.12262,272,1,0.28584,0.65257,1,0.21406,0.68796,3, ,0,,0.17903,0.54546,13.62554,0.98792,1,0.49617,0.49437,12.34868,0.98114,1,0,0.0,14,2.25991,1,2.66489,1,0.0,0,0,0,0,0,0,0.0,1,1,1,1,1,1,1,0,0.0,0,,0.0,0.0,0,
0,NewMedia0,8713,60.98175,6000600641558,0.30403,0.36321,60.94305,0.0318,278,0,0.26662,0.66942,1,0.2349,0.6537,1, ,0,,0.17324,0.54988,13.06811,0.95222,1,0.4862,0.49261,11.03572,0.95774,1,0,0.0,14,2.26265,1,2.82794,1,0.0,0,0,0,0,0,0,0.0,1,1,1,1,1,1,1,0,0.0,0,,0.0,0.0,0,
0,NewMedia0,8726,61.06891,6000601513191,0.28633,0.68148,61.00549,0.06342,279,1,0.30821,0.70426,1,0.2349,0.6537,3, ,0,,0.17452,0.54843,13.16604,0.93518,1,0.48906,0.49162,11.88734,0.9407,1,0,0.0,14,2.20046,1,2.67512,1,0.0,0,0,0,0,0,0,0.0,1,1,1,1,1,1,1,0,0.0,0,,0.0,0.0,0,
0,NewMedia0,12223,85.06311,6000841454954,0.29414,0.6668,84.90155,0.16156,385,1,0.26892,0.69736,1,0.22552,0.69167,1, ,0,,0.1991,0.56613,14.38226,0.96936,1,0.51067,0.51909,13.66929,0.96936,1,0,0.0,11,2.43827,1,2.74897,1,0.0,0,0,0,0,0,0,0.0,1,1,1,1,1,1,1,0,0.0,0,,0.0,0.0,0,
0,NewMedia0,12232,85.1228,6000842051648,0.29026,0.66466,84.90155,0.22125,385,1,0.27864,0.64942,1,0.22552,0.69167,3, ,0,,0.1964,0.56715,14.66887,0.98823,1,0.50772,0.51916,14.64961,0.99433,1,0,0.0,11,2.34514,1,2.6769,1,0.0,0,0,0,0,0,0,0.0,1,1,1,1,1,1,1,0,0.0,0,,0.0,0.0,0,
0,NewMedia0,12382,86.12732,6000852096990,0.31384,0.59239,86.08398,0.04333,389,1,0.36074,0.44058,1,0.23385,0.65278,1, ,0,,0.19413,0.5522,12.53278,0.97736,1,0.50131,0.49962,12.47737,0.97736,1,0,0.0,11,2.44452,1,3.03135,1,0.0,0,0,0,0,0,0,0.0,1,1,1,1,1,1,1,0,0.0,0,,0.0,0.0,0,
0,NewMedia0,12392,86.20105,6000852834716,0.33836,0.43055,86.17749,0.02356,390,1,0.36085,0.35536,1,0.23385,0.65278,3, ,0,,0.19477,0.55093,11.85092,0.99569,1,0.50257,0.49873,11.8908,1.00857,1,0,0.0,10,2.58686,1,3.12103,1,0.0,0,0,0,0,0,0,0.0,1,1,1,1,1,1,1,0,0.0,0,,0.0,0.0,0,
0,NewMedia0,14547,100.68304,6000997654416,0.29623,0.54837,100.56256,0.10712,448,0,0.29818,0.5589,1,0.22969,0.64815,1, ,0,,0.17039,0.58243,13.01616,0.98778,1,0.48513,0.52706,12.70924,0.99456,1,0,0.0,5,2.42084,1,2.81842,1,0.0,0,0,0,0,0,0,0.0,1,1,1,1,1,1,1,0,0.0,0,,0.0,0.0,0,
0,NewMedia0,14559,100.76337,6000998457834,0.32531,1.27095,100.67627,0.03351,449,0,0.2363,1.7989,0,0.22969,0.64815,3, ,0,,0.16953,0.60418,16.93061,0.94781,0,0.48433,0.52834,10.92846,0.94781,0,0,0.0,5,5.08468,0,1.9837,0,0.0,0,0,0,0,0,0,0.0,1,1,1,1,1,1,1,0,0.0,0,,0.0,0.0,0,
0,NewMedia0,14755,102.42468,6001015071027,0.28128,0.61095,102.25708,0.1676,454,1,0.3848,0.50777,1,0.21615,0.7,1, ,0,,0.17054,0.56973,13.95796,0.9699,1,0.47993,0.50795,13.11003,0.97601,1,0,0.0,6,2.4808,1,2.8367,1,0.0,0,0,0,0,0,0,0.0,1,1,1,1,1,1,1,0,0.0,0,,199.04221,5.02102,0,
0,NewMedia0,14766,102.49896,6001015813646,0.42134,0.34884,102.45129,0.04767,455,1,0.42286,0.39843,1,0.21615,0.7,3, ,0,,0.16601,0.56926,14.09172,0.98211,1,0.4753,0.50556,13.29532,0.97601,1,0,0.0,6,2.55695,1,2.61629,1,0.0,0,0,0,0,0,0,0.0,1,1,1,1,1,1,1,0,0.0,0,,0.0,0.0,0,
0,NewMedia0,14910,103.4787,6001025611098,0.29636,0.64021,103.40997,0.06873,459,1,0.33569,0.57601,1,0.2276,0.65093,1, ,0,,0.17155,0.57397,13.76491,0.99432,1,0.48193,0.51428,12.18045,0.99432,1,0,0.0,5,2.29776,1,2.66702,1,0.0,0,0,0,0,0,0,0.0,1,1,1,1,1,1,1,0,0.0,0,,0.0,0.0,0,
0,NewMedia0,14924,103.57159,6001026539962,0.31662,0.62404,103.40997,0.16162,459,1,0.37115,0.58235,1,0.2276,0.65093,3, ,0,,0.17227,0.57357,13.68672,0.95333,1,0.48245,0.51428,13.29849,0.95944,1,0,0.0,5,2.25952,1,2.57667,1,0.0,0,0,0,0,0,0,0.0,1,1,1,1,1,1,1,0,0.0,0,,88.60202,330.81876,0,
0,NewMedia0,15974,110.89825,6001099806220,0.26244,0.69652,110.81836,0.0799,495,1,0.16983,0.78158,1,0.21615,0.68426,1, ,0,,0.19631,0.56303,12.47635,0.93222,1,0.51105,0.51502,13.59192,0.92669,1,0,0.0,6,2.38422,1,2.68818,1,0.0,0,0,0,0,0,0,0.0,1,1,1,1,1,1,1,0,0.0,0,,0.0,0.0,0,
0,NewMedia0,15982,110.9519,6001100342923,0.37241,0.4861,110.81836,0.11975,495,0,0.46458,0.36016,1,0.21667,0.68426,3, ,0,,0.20401,0.55662,13.57418,0.981,1,0.51793,0.50829,13.84835,0.981,1,0,0.0,6,2.60908,1,2.75125,1,0.0,0,0,0,0,0,0,0.0,1,1,1,1,1,1,1,0,0.0,0,,0.0,0.0,0,
0,NewMedia0,16141,112.02325,6001111056512,0.25932,0.73307,111.84338,0.17987,499,1,0.42091,0.51482,1,0.21771,0.69537,1, ,0,,0.20717,0.55321,13.11589,0.98766,1,0.51901,0.50519,12.36209,0.98766,1,0,0.0,6,2.42601,1,2.62018,1,0.0,0,0,0,0,0,0,0.0,1,1,1,1,1,1,1,0,0.0,0,,499.52066,239.52931,0,
0,NewMedia0,16152,112.10089,6001111833084,0.5487,0.33063,112.05023,0.05066,500,1,0.54148,0.36392,1,0.21771,0.69537,3, ,0,,0.20967,0.55158,13.68551,0.981,1,0.52208,0.50413,12.76281,0.981,1,0,0.0,6,2.60951,1,2.91358,1,0.0,0,0,0,0,0,0,0.0,1,1,1,1,1,1,1,0,0.0,0,,0.0,0.0,0,
0,NewMedia0,17097,118.50806,6001175904861,0.54075,0.62049,118.07861,0.42944,521,1,0.54413,0.56024,1,0.5224,0.525,1, ,0,,0.27742,0.55822,10.35646,0.96767,1,0.592,0.53006,9.90411,0.96767,1,0,0.0,6,2.34956,1,2.7578,1,0.0,0,0,0,0,0,0,0.0,1,1,1,1,1,1,1,0,0.0,0,,0.0,0.0,0,
0,NewMedia0,17108,118.58105,6001176634490,0.54006,0.61595,118.54102,0.04004,522,1,0.54488,0.62081,1,0.5224,0.525,3, ,0,,0.27707,0.55843,9.57844,0.96767,1,0.59231,0.531,10.43441,0.96767,1,0,0.0,6,2.25337,1,2.49012,1,0.0,0,0,0,0,0,0,0.0,1,1,1,1,1,1,1,0,0.0,0,,0.0,0.0,0,
0,NewMedia0,19622,135.51819,6001346005963,0.31198,0.6645,135.32678,0.19141,601,1,0.31998,0.61387,1,0.22083,0.675,1, ,0,,0.24041,0.56689,13.42295,0.97489,1,0.55477,0.52382,13.35201,0.96878,1,0,0.0,6,2.26017,1,2.69318,1,0.0,0,0,0,0,0,0,0.0,1,1,1,1,1,1,1,0,0.0,0,,0.0,0.0,0,
0,NewMedia0,19639,135.62842,6001347107630,0.34483,0.6649,135.58142,0.047,602,1,0.32633,0.64084,1,0.22083,0.675,3, ,0,,0.23993,0.56686,12.8444,0.96767,1,0.55387,0.52376,13.8736,0.96767,1,0,0.0,6,2.27775,1,2.5093,1,0.0,0,0,0,0,0,0,0.0,1,1,1,1,1,1,1,0,0.0,0,,0.0,0.0,0,
0,NewMedia0,19754,136.39966,6001354820756,0.27409,0.72685,136.23792,0.16174,606,1,0.25991,0.72815,1,0.21354,0.71481,1, ,0,,0.23333,0.56854,14.46634,0.96324,1,0.54788,0.52391,13.6649,0.96324,1,0,0.0,6,2.33014,1,2.72205,1,0.0,0,0,0,0,0,0,0.0,1,1,1,1,1,1,1,0,0.0,0,,0.0,0.0,0,
0,NewMedia0,19762,136.45227,6001355346307,0.27345,0.72586,136.23792,0.21436,606,1,0.25964,0.7261,1,0.21354,0.71481,3, ,0,,0.23403,0.56826,14.49494,0.9699,1,0.54882,0.52427,13.69532,0.9699,1,0,0.0,6,2.3528,1,2.6861,1,0.0,0,0,0,0,0,0,0.0,1,1,1,1,1,1,1,0,0.0,0,,0.0,0.0,0,
0,NewMedia0,19817,136.82092,6001359033059,0.27885,0.70502,136.60718,0.21375,607,1,0.28877,0.67668,1,0.21354,0.7287,1, ,0,,0.23136,0.56884,14.2606,0.94992,1,0.54627,0.52415,13.87831,0.94992,1,0,0.0,6,2.44881,1,2.79549,1,0.0,0,0,0,0,0,0,0.0,1,1,1,1,1,1,1,0,0.0,0,,0.0,0.0,0,
0,NewMedia0,19830,136.90796,6001359904077,0.2805,0.70422,136.60718,0.30078,607,1,0.2694,0.73296,1,0.21406,0.7287,3, ,0,,0.23129,0.56969,14.79224,0.94326,1,0.54637,0.52446,14.00548,0.94326,1,0,0.0,6,2.42475,1,2.69878,1,0.0,0,0,0,0,0,0,0.0,1,1,1,1,1,1,1,0,0.0,0,,0.0,0.0,0,
0,NewMedia0,21345,147.18347,6001462658922,0.27212,0.68772,147.0946,0.08887,645,1,0.26633,0.66096,1,0.21719,0.68704,1, ,0,,0.22842,0.56596,13.56546,0.99431,1,0.54365,0.51957,12.4428,0.99431,1,0,0.0,5,2.21927,1,2.53583,1,0.0,0,0,0,0,0,0,0.0,1,1,1,1,1,1,1,0,0.0,0,,0.0,0.0,0,
0,NewMedia0,21361,147.29041,6001463727890,0.27691,0.6931,147.0946,0.1958,645,1,0.23854,0.69257,1,0.21719,0.68704,3, ,0,,0.22852,0.56615,13.55994,0.9644,1,0.54348,0.51959,12.6447,0.97602,1,0,0.0,5,2.22695,1,2.65419,1,0.0,0,0,0,0,0,0,0.0,1,1,1,1,1,1,1,0,0.0,0,,0.0,0.0,0,
0,NewMedia0,21461,147.96033,6001470427306,0.33812,0.63618,147.81934,0.13416,647,0,0.33481,0.60658,1,0.21823,0.72685,1, ,0,,0.24077,0.56171,13.94978,0.96324,1,0.55633,0.51823,14.02941,0.96324,1,0,0.0,5,2.30981,1,2.49797,1,0.0,0,0,0,0,0,0,0.0,1,1,1,1,1,1,1,0,0.0,0,,0.0,0.0,0,
0,NewMedia0,21471,148.02747,6001471098170,0.34259,0.6382,147.96033,0.06714,648,1,0.33685,0.62554,1,0.21875,0.72685,3, ,0,,0.24129,0.56265,13.86558,0.96268,1,0.5572,0.51883,13.73514,0.96878,1,0,0.0,5,2.28295,1,2.5749,1,0.0,0,0,0,0,0,0,0.0,1,1,1,1,1,1,1,0,0.0,0,,0.0,0.0,0,
0,NewMedia0,23018,158.39636,6001574787009,0.26578,0.72618,158.22205,0.17432,695,1,0.29244,0.67636,1,0.20052,0.6963,1, ,0,,0.25297,0.54737,13.38377,0.9147,1,0.57367,0.50134,12.92566,0.92022,1,0,0.0,5,2.20361,1,2.80112,1,0.0,0,0,0,0,0,0,0.0,1,1,1,1,1,1,1,0,0.0,0,,0.0,0.0,0,
0,NewMedia0,23031,158.48328,6001575656837,0.43751,0.57833,158.44348,0.03979,696,1,0.41338,0.55303,1,0.20104,0.6963,3, ,0,,0.25888,0.54565,13.62289,0.94326,1,0.57871,0.49999,13.616,0.94326,1,0,0.0,5,2.34507,1,2.4891,1,0.0,0,0,0,0,0,0,0.0,1,1,1,1,1,1,1,0,0.0,0,,0.0,0.0,0,
0,NewMedia0,23105,158.97913,6001580615382,0.52985,0.65671,158.75781,0.22131,697,1,0.53186,0.66821,1,0.20208,0.6963,1, ,0,,0.26062,0.54501,13.31472,0.91928,1,0.5808,0.49956,13.44372,0.91928,1,0,0.0,5,2.33666,1,2.40786,1,0.0,0,0,0,0,0,0,0.0,1,1,1,1,1,1,1,0,0.0,0,,0.0,0.0,0,
0,NewMedia0,23122,159.09277,6001581751631,0.53205,0.65341,158.75781,0.33496,697,1,0.5532,0.63796,1,0.20208,0.6963,3, ,0,,0.25882,0.54594,12.82661,0.89719,1,0.57962,0.50094,13.42089,0.89719,1,0,0.0,5,2.30931,1,2.41133,1,0.0,0,0,0,0,0,0,0.0,1,1,1,1,1,1,1,0,0.0,0,,0.0,0.0,0,
0,NewMedia0,23761,163.41724,6001624995676,0.0,0.0,162.95752,0.229,716,0,0.27714,1.72361,0,0.21302,0.72778,1, ,0,,0.26255,0.54427,12.49565,0.96767,0,0.31148,0.62976,6.44178,0.96767,0,0,0.0,5,2.59197,0,1.71145,0,0.0,0,0,0,0,0,0,0.0,1,1,1,1,1,1,1,0,0.0,0,,0.0,0.0,0,
0,NewMedia0,23771,163.50024,6001625826848,0.3151,0.69001,162.95752,0.229,716,0,0.28096,0.71487,1,0.21302,0.72778,3, ,0,,0.2476,0.54637,14.41283,0.92117,1,0.56837,0.50114,14.76414,0.92117,1,0,0.0,5,2.23536,1,2.65586,1,0.0,0,0,0,0,0,0,0.0,1,1,1,1,1,1,1,0,0.0,0,,0.0,0.0,0,
0,NewMedia0,24872,170.88171,6001699641527,0.45728,0.66526,170.8418,0.03992,756,1,0.40242,0.65554,1,0.21094,0.66574,1, ,0,,0.22939,0.55124,13.80997,0.93515,1,0.55028,0.4975,13.89341,0.93515,1,0,0.0,4,2.25072,1,2.34258,1,0.0,0,0,0,0,0,0,0.0,1,1,1,1,1,1,1,0,0.0,0,,0.0,0.0,0,
0,NewMedia0,24884,170.96289,6001700452475,0.29197,0.71252,170.94202,0.02087,757,1,0.29314,0.73706,1,0.21094,0.66574,3, ,0,,0.22832,0.55123,14.84832,0.91517,1,0.54935,0.49697,12.84247,0.91517,1,0,0.0,4,2.36813,1,2.65189,1,0.0,0,0,0,0,0,0,0.0,1,1,1,1,1,1,1,0,0.0,0,,0.0,0.0,0,
0,NewMedia0,25101,172.41614,6001714984715,0.35424,0.54055,172.38208,0.03406,763,1,0.35639,0.56469,1,0.21458,0.73241,1, ,0,,0.22963,0.5489,14.26875,0.90318,1,0.55113,0.49509,13.54014,0.90318,1,0,0.0,4,2.2019,1,2.68254,1,0.0,0,0,0,0,0,0,0.0,1,1,1,1,1,1,1,0,0.0,0,,0.0,0.0,0,
0,NewMedia0,25115,172.5094,6001715917974,0.35673,0.56361,172.38208,0.12732,763,1,0.38793,0.54268,1,0.21458,0.73241,3, ,0,,0.2304,0.55119,14.36435,0.89719,1,0.55141,0.49695,14.37332,0.89719,1,0,0.0,4,2.34916,1,2.76527,1,0.0,0,0,0,0,0,0,0.0,1,1,1,1,1,1,1,0,0.0,0,,0.0,0.0,0,
0,NewMedia0,27743,190.26721,6001893496290,0.23052,0.71811,189.99878,0.25464,844,0,0.21881,0.72416,1,0.21042,0.69074,1, ,0,,0.23245,0.56039,14.29305,0.92669,1,0.55443,0.51065,13.6197,0.93221,1,0,0.0,4,2.29631,1,2.73466,1,0.0,0,0,0,0,0,0,0.0,1,1,1,1,1,1,1,0,0.0,0,,0.0,0.0,0,
0,NewMedia0,27757,190.36072,6001894431253,0.23102,0.70802,190.26013,0.10059,845,1,0.23785,0.7078,1,0.21042,0.69074,3, ,0,,0.23599,0.56197,14.83055,0.90271,1,0.55777,0.51191,13.81194,0.90271,1,0,0.0,4,2.25774,1,2.69818,1,0.0,0,0,0,0,0,0,0.0,1,1,1,1,1,1,1,0,0.0,0,,0.0,0.0,0,
0,NewMedia0,28044,192.36353,6001914458747,0.64893,0.48828,192.16895,0.19458,853,1,0.6665,0.42712,1,0.21458,0.73519,1, ,0,,0.25097,0.55088,13.1189,0.92621,1,0.57296,0.50262,14.03922,0.93174,1,0,0.0,5,2.82375,1,2.59362,1,0.0,0,0,0,0,0,0,0.0,1,1,1,1,1,1,1,0,0.0,0,,0.0,0.0,0,
0,NewMedia0,28059,192.46411,6001915465011,0.68716,0.4666,192.37683,0.08728,854,1,0.68338,0.45634,1,0.2151,0.73519,3, ,0,,0.24864,0.55228,13.802,0.91423,1,0.571,0.50283,13.60457,0.9087,1,0,0.0,5,2.71752,1,2.75671,1,0.0,0,0,0,0,0,0,0.0,1,1,1,1,1,1,1,0,0.0,0,,0.0,0.0,0,
0,NewMedia0,29272,200.67615,6001997585617,0.2713,0.71615,200.28101,0.39514,892,1,0.27377,0.71339,1,0.20833,0.67037,1, ,0,,0.22388,0.56105,13.05434,0.91928,1,0.54593,0.51162,12.57296,0.91928,1,0,0.0,6,2.36864,1,2.59086,1,0.0,0,0,0,0,0,0,0.0,1,1,1,1,1,1,1,0,0.0,0,,0.0,0.0,0,
0,NewMedia0,29280,200.73022,6001998126112,0.28797,0.73075,200.70984,0.02039,893,1,0.29508,0.72159,1,0.20833,0.67037,3, ,0,,0.22398,0.56058,12.89031,0.91928,1,0.54595,0.51083,12.1468,0.91928,1,0,0.0,6,2.29396,1,2.66188,1,0.0,0,0,0,0,0,0,0.0,1,1,1,1,1,1,1,0,0.0,0,,0.0,0.0,0,
0,NewMedia0,29330,201.0647,6002001471206,0.27637,0.70416,200.70984,0.35486,893,1,0.24935,0.74538,1,0.21094,0.72222,1, ,0,,0.2215,0.5622,13.866,0.91517,1,0.54372,0.51139,12.91683,0.91517,1,0,0.0,6,2.25518,1,2.66939,1,0.0,0,0,0,0,0,0,0.0,1,1,1,1,1,1,1,0,0.0,0,,0.0,0.0,0,
0,NewMedia0,29339,201.12512,6002002075054,0.27322,0.75394,201.09155,0.03357,894,1,0.27337,0.75089,1,0.21094,0.72222,3, ,0,,0.22264,0.56151,13.75918,0.90318,1,0.5443,0.51117,12.83722,0.90318,1,0,0.0,5,2.44259,1,2.70308,1,0.0,0,0,0,0,0,0,0.0,1,1,1,1,1,1,1,0,0.0,0,,0.0,0.0,0,
0,NewMedia0,30021,205.69336,6002047757212,0.27765,0.76228,205.43201,0.26135,910,1,0.28126,0.76764,1,0.21042,0.69815,1, ,0,,0.22892,0.56,12.22953,0.91517,1,0.55009,0.50981,12.19289,0.91517,1,0,0.0,5,2.38301,1,2.71793,1,0.0,0,0,0,0,0,0,0.0,1,1,1,1,1,1,1,0,0.0,0,,0.0,0.0,0,
0,NewMedia0,30029,205.75024,6002048326757,0.30342,0.68441,205.43201,0.2948,910,0,0.31264,0.6715,1,0.21042,0.69907,3, ,0,,0.22918,0.55991,13.08235,0.90823,1,0.55079,0.50938,12.24582,0.90271,1,0,0.0,5,2.2892,1,2.61246,1,0.0,0,0,0,0,0,0,0.0,1,1,1,1,1,1,1,0,0.0,0,,0.0,0.0,0,
0,NewMedia0,30152,206.57263,6002056549987,0.49164,0.61544,206.24915,0.32349,914,1,0.54683,0.60141,1,0.21615,0.72963,1, ,0,,0.2402,0.55983,11.97284,0.94947,1,0.56245,0.51062,12.78367,0.95557,1,0,0.0,5,2.32956,1,2.39243,1,0.0,0,0,0,0,0,0,0.0,1,1,1,1,1,1,1,0,0.0,0,,0.0,0.0,0,
0,NewMedia0,30165,206.65796,6002057403755,0.4501,0.67709,206.62427,0.03369,915,1,0.45511,0.69835,1,0.21615,0.72963,3, ,0,,0.23932,0.56003,13.40307,0.89364,1,0.56144,0.51085,12.19959,0.8831,1,0,0.0,5,2.14589,1,2.56844,1,0.0,0,0,0,0,0,0,0.0,1,1,1,1,1,1,1,0,0.0,0,,0.0,0.0,0,
0,NewMedia0,31218,213.80505,6002128874771,0.27094,0.73729,213.44324,0.36182,944,1,0.28486,0.68584,1,0.21406,0.6713,1, ,0,,0.22269,0.56223,13.4229,0.92621,1,0.54368,0.5102,11.96693,0.93174,1,0,0.0,6,2.23634,1,2.72603,1,0.0,0,0,0,0,0,0,0.0,1,1,1,1,1,1,1,0,0.0,0,,0.0,0.0,0,
0,NewMedia0,31230,213.88525,6002129676454,0.2721,0.73709,213.44324,0.44202,944,1,0.29402,0.73896,1,0.21354,0.6713,3, ,0,,0.22349,0.56167,12.81727,0.92116,1,0.54386,0.50944,12.32027,0.92116,1,0,0.0,6,2.40829,1,2.78279,1,0.0,0,0,0,0,0,0,0.0,1,1,1,1,1,1,1,0,0.0,0,,0.0,0.0,0,
0,NewMedia0,31537,215.94177,6002150241263,0.5219,0.64232,215.86926,0.07251,953,1,0.5122,0.67417,1,0.21094,0.72407,1, ,0,,0.2291,0.55004,11.81445,0.92116,1,0.54977,0.50053,12.13433,0.92669,1,0,0.0,6,2.29269,1,2.3557,1,0.0,0,0,0,0,0,0,0.0,1,1,1,1,1,1,1,0,0.0,0,,0.0,0.0,0,
0,NewMedia0,31551,216.03564,6002151180102,0.38671,0.70399,215.86926,0.15283,953,0,0.28057,0.72382,1,0.21094,0.72407,3, ,0,,0.22243,0.54902,12.11044,0.93515,1,0.5421,0.50019,12.60319,0.93515,1,0,0.0,6,2.26832,1,2.61651,1,0.0,0,0,0,0,0,0,0.0,1,1,1,1,1,1,1,0,0.0,0,,0.0,0.0,0,
0,NewMedia0,32602,223.08887,6002221712060,0.25897,0.73509,222.85461,0.23425,983,1,0.26812,0.75399,1,0.22344,0.67315,1, ,0,,0.22143,0.564,14.20955,0.8771,1,0.54292,0.51185,13.53713,0.8771,1,0,0.0,6,2.20921,1,2.60806,1,0.0,0,0,0,0,0,0,0.0,1,1,1,1,1,1,1,0,0.0,0,,0.0,0.0,0,
0,NewMedia0,32614,223.16943,6002222518236,0.26335,0.73683,222.85461,0.31482,983,1,0.31049,0.75594,1,0.22344,0.67315,3, ,0,,0.22094,0.56456,13.84616,0.89719,1,0.54244,0.51164,13.23919,0.89719,1,0,0.0,6,2.27065,1,2.59798,1,0.0,0,0,0,0,0,0,0.0,1,1,1,1,1,1,1,0,0.0,0,,0.0,0.0,0,
0,NewMedia0,32687,223.65845,6002227407944,0.31988,0.51795,223.42383,0.23462,984,1,0.46063,0.52594,1,0.21979,0.71759,1, ,0,,0.22815,0.55827,12.9493,0.90873,1,0.54949,0.50619,13.12324,0.91928,1,0,0.0,5,2.5719,1,2.67913,1,0.0,0,0,0,0,0,0,0.0,1,1,1,1,1,1,1,0,0.0,0,,254.13515,69.6405,0,
0,NewMedia0,32703,223.7655,6002228478456,0.45684,0.48267,223.68506,0.08044,985,1,0.46755,0.5235,1,0.21979,0.71759,3, ,0,,0.23049,0.55808,13.0956,0.91375,1,0.55241,0.50636,13.31625,0.90823,1,0,0.0,5,2.46171,1,2.78443,1,0.0,0,0,0,0,0,0,0.0,1,1,1,1,1,1,1,0,0.0,0,,0.0,0.0,0,
0,NewMedia0,32787,224.32812,6002234105721,0.27086,0.7707,224.13379,0.18762,988,0,0.28406,0.80183,1,0.2224,0.725,1, ,0,,0.2186,0.56521,12.46619,0.90918,1,0.54025,0.51222,12.33097,0.90918,1,0,0.0,5,2.30653,1,2.48687,1,0.0,0,0,0,0,0,0,0.0,1,1,1,1,1,1,1,0,0.0,0,,0.0,0.0,0,
0,NewMedia0,32798,224.40247,6002234847986,0.25476,0.78191,224.32812,0.07434,989,1,0.25444,0.78604,1,0.2224,0.725,3, ,0,,0.22026,0.56468,12.76764,0.90271,1,0.54152,0.51194,12.43421,0.89719,1,0,0.0,5,2.239,1,2.62658,1,0.0,0,0,0,0,0,0,0.0,1,1,1,1,1,1,1,0,0.0,0,,0.0,0.0,0,
0,NewMedia0,36362,248.54272,6002476251724,0.26585,0.74142,248.45581,0.08691,1086,1,0.27907,0.72094,1,0.21406,0.68426,1, ,0,,0.22559,0.56097,13.02718,0.91375,1,0.54754,0.51785,13.08114,0.90823,1,0,0.0,7,2.32659,1,2.74077,1,0.0,0,0,0,0,0,0,0.0,1,1,1,1,1,1,1,0,0.0,0,,0.0,0.0,0,
0,NewMedia0,36371,248.604,6002476863651,0.26524,0.74121,248.45581,0.14819,1086,1,0.25812,0.70988,1,0.21406,0.68426,3, ,0,,0.22648,0.56087,13.89043,0.92574,1,0.54856,0.51795,13.34669,0.92022,1,0,0.0,7,2.31938,1,2.62793,1,0.0,0,0,0,0,0,0,0.0,1,1,1,1,1,1,1,0,0.0,0,,0.0,0.0,0,
0,NewMedia0,36408,248.85095,6002479333308,0.25709,0.7414,248.45581,0.39514,1086,1,0.2639,0.73639,1,0.21667,0.72778,1, ,0,,0.22776,0.56052,13.43547,0.90823,1,0.5498,0.51808,13.31917,0.91375,1,0,0.0,7,2.22062,1,2.68021,1,0.0,0,0,0,0,0,0,0.0,1,1,1,1,1,1,1,0,0.0,0,,0.0,0.0,0,
0,NewMedia0,36421,248.93811,6002480204531,0.26106,0.73677,248.45581,0.4823,1086,1,0.29245,0.73817,1,0.21667,0.72778,3, ,0,,0.22861,0.56028,13.78938,0.91375,1,0.55082,0.51834,13.02839,0.91928,1,0,0.0,6,2.19101,1,2.6273,1,0.0,0,0,0,0,0,0,0.0,1,1,1,1,1,1,1,0,0.0,0,,0.0,0.0,0,
0,NewMedia0,37408,255.69653,6002547789019,0.27717,0.75965,255.60291,0.09363,1112,1,0.30861,0.74609,1,0.22083,0.66296,1, ,0,,0.21375,0.56805,12.4638,0.92574,1,0.53463,0.51884,11.30077,0.92022,1,0,0.0,5,2.6449,1,2.87805,1,0.0,0,0,0,0,0,0,0.0,1,1,1,1,1,1,1,0,0.0,0,,0.0,0.0,0,
0,NewMedia0,37420,255.77722,6002548595730,0.27367,0.74365,255.60291,0.17432,1112,1,0.26083,0.73167,1,0.22083,0.66296,3, ,0,,0.21492,0.56815,12.67517,0.92574,1,0.53675,0.51945,12.22776,0.92022,1,0,0.0,5,2.22913,1,2.6235,1,0.0,0,0,0,0,0,0,0.0,1,1,1,1,1,1,1,0,0.0,0,,0.0,0.0,0,
0,NewMedia0,37508,256.36621,6002554485984,0.45451,0.68017,256.33984,0.02637,1116,1,0.45383,0.67191,1,0.22031,0.72685,1, ,0,,0.22682,0.56306,12.76847,0.92116,1,0.54948,0.51615,12.31324,0.92116,1,0,0.0,5,2.18201,1,2.24749,1,0.0,0,0,0,0,0,0,0.0,1,1,1,1,1,1,1,0,0.0,0,,0.0,0.0,0,
0,NewMedia0,37523,256.46692,6002555493523,0.46854,0.66227,256.33984,0.12708,1116,1,0.48099,0.68184,1,0.22031,0.7287,3, ,0,,0.22832,0.56228,13.01551,0.90318,1,0.55221,0.51562,12.09817,0.90318,1,0,0.0,5,2.2744,1,2.35445,1,0.0,0,0,0,0,0,0,0.0,1,1,1,1,1,1,1,0,0.0,0,,0.0,0.0,0,
0,NewMedia0,38862,265.44934,6002645317654,0.2448,0.70809,265.32239,0.12695,1160,1,0.20535,0.72741,1,0.21979,0.6713,1, ,0,,0.2259,0.55482,11.99028,0.91517,1,0.54623,0.51233,12.67211,0.91517,1,0,0.0,5,2.56647,1,2.74013,1,0.0,0,0,0,0,0,0,0.0,1,1,1,1,1,1,1,0,0.0,0,,0.0,0.0,0,
0,NewMedia0,38875,265.5365,6002646189305,0.1984,0.77178,265.50305,0.03345,1161,1,0.18052,0.82042,1,0.21979,0.6713,3, ,0,,0.23332,0.55323,14.02805,0.90271,1,0.55403,0.51272,12.92557,0.90271,1,0,0.0,5,2.20812,1,2.63,1,0.0,0,0,0,0,0,0,0.0,1,1,1,1,1,1,1,0,0.0,0,,0.0,0.0,0,
0,NewMedia0,39651,270.80164,6002698840622,0.25908,0.73149,270.7345,0.06714,1182,1,0.24894,0.70441,1,0.225,0.72593,1, ,0,,0.23856,0.55741,12.31485,0.93207,1,0.56001,0.51856,12.00974,0.93207,1,0,0.0,5,2.23838,1,2.80672,1,0.0,0,0,0,0,0,0,0.0,1,1,1,1,1,1,1,0,0.0,0,,0.0,0.0,0,
0,NewMedia0,39667,270.90979,6002699921786,0.24581,0.74792,270.7345,0.17529,1182,1,0.27365,0.75524,1,0.225,0.72593,3, ,0,,0.24419,0.55566,12.93915,0.93207,1,0.56493,0.51874,12.52886,0.92044,1,0,0.0,5,2.4816,1,2.59724,1,0.0,0,0,0,0,0,0,0.0,1,1,1,1,1,1,1,0,0.0,0,,0.0,0.0,0,
0,NewMedia0,41898,286.25439,6002853367876,0.27747,0.72378,286.1272,0.1272,1246,1,0.27705,0.78784,1,0.21615,0.66944,1, ,0,,0.25167,0.55918,13.18381,0.89748,1,0.57516,0.52574,13.49731,0.89748,1,0,0.0,9,2.25419,1,2.70129,1,0.0,0,0,0,0,0,0,0.0,1,1,1,1,1,1,1,0,0.0,0,,0.0,0.0,0,
0,NewMedia0,41911,286.34204,6002854244807,0.24316,0.73105,286.31482,0.02722,1247,1,0.24368,0.74422,1,0.21615,0.66944,3, ,0,,0.25451,0.55914,13.12807,0.91928,1,0.57808,0.5253,13.44061,0.91928,1,0,0.0,8,2.26495,1,2.78484,1,0.0,0,0,0,0,0,0,0.0,1,1,1,1,1,1,1,0,0.0,0,,0.0,0.0,0,
0,NewMedia0,42011,287.0116,6002860939670,0.61561,0.667,286.95374,0.05786,1249,1,0.60964,0.69229,1,0.21146,0.72963,1, ,0,,0.26822,0.5557,12.80644,0.90318,1,0.59268,0.52211,11.53692,0.90318,1,0,0.0,8,2.41998,1,2.35539,1,0.0,0,0,0,0,0,0,0.0,1,1,1,1,1,1,1,0,0.0,0,,0.0,0.0,0,
0,NewMedia0,42023,287.09351,6002861759212,0.61004,0.67316,286.95374,0.13977,1249,1,0.60921,0.64516,1,0.21146,0.72963,3, ,0,,0.26927,0.55394,12.58546,0.91075,1,0.59448,0.52037,11.10877,0.92129,1,0,0.0,8,2.51065,1,2.60177,1,0.0,0,0,0,0,0,0,0.0,1,1,1,1,1,1,1,0,0.0,0,,0.0,0.0,0,
0,NewMedia0,44378,303.01416,6003020964965,0.23646,0.75845,302.90662,0.10754,1321,1,0.21996,0.77141,1,0.2224,0.69907,1, ,0,,0.21135,0.56909,14.08858,0.94325,1,0.53251,0.51989,12.95974,0.93773,1,0,0.0,9,2.2525,1,2.69971,1,0.0,0,0,0,0,0,0,0.0,1,1,1,1,1,1,1,0,0.0,0,,0.0,0.0,0,
0,NewMedia0,44391,303.10315,6003021855378,0.24122,0.76002,302.90662,0.19653,1321,1,0.2879,0.72914,1,0.2224,0.69907,3, ,0,,0.21304,0.56724,13.97381,0.92574,1,0.5343,0.51877,13.73412,0.92022,1,0,0.0,9,2.30171,1,2.62446,1,0.0,0,0,0,0,0,0,0.0,1,1,1,1,1,1,1,0,0.0,0,,0.0,0.0,0,
0,NewMedia0,44442,303.4425,6003025249530,0.32167,0.51198,303.34314,0.09937,1323,1,0.31628,0.52573,1,0.22448,0.72315,1, ,0,,0.20768,0.56177,13.71138,0.90918,1,0.52791,0.51165,13.77263,0.90918,1,0,0.0,9,2.48958,1,2.91565,1,0.0,0,0,0,0,0,0,0.0,1,1,1,1,1,1,1,0,0.0,0,,0.0,0.0,0,
0,NewMedia0,44458,303.54956,6003026319791,0.32061,0.48465,303.45593,0.09363,1324,1,0.3126,0.43226,1,0.22448,0.72315,3, ,0,,0.20665,0.55784,13.79189,0.89719,1,0.52741,0.50828,13.35393,0.89719,1,0,0.0,9,2.6779,1,2.98506,1,0.0,0,0,0,0,0,0,0.0,1,1,1,1,1,1,1,0,0.0,0,,0.0,0.0,0,
0,NewMedia0,45525,310.70349,6003097858968,0.2684,0.74341,310.27478,0.42871,1353,1,0.19492,0.74888,1,0.21875,0.66852,1, ,0,,0.20276,0.57416,13.51987,0.92089,1,0.52635,0.52448,12.31315,0.92641,1,0,0.0,8,2.14162,1,2.80612,1,0.0,0,0,0,0,0,0,0.0,1,1,1,1,1,1,1,0,0.0,0,,427.37488,198.71649,0,
0,NewMedia0,45537,310.78394,6003098663216,0.25102,0.71779,310.71008,0.07385,1354,1,0.21769,0.73384,1,0.21875,0.66852,3, ,0,,0.20905,0.57383,13.39061,0.8998,1,0.53159,0.52533,12.49922,0.89478,1,0,0.0,8,2.29939,1,2.74169,1,0.0,0,0,0,0,0,0,0.0,1,1,1,1,1,1,1,0,0.0,0,,0.0,0.0,0,
0,NewMedia0,45773,312.36475,6003114471650,0.43405,0.54323,312.21716,0.14758,1361,1,0.4296,0.54504,1,0.22187,0.72315,1, ,0,,0.21896,0.55859,12.821,0.92946,1,0.54108,0.51208,14.34464,0.92444,1,0,0.0,7,2.40752,1,2.58523,1,0.0,0,0,0,0,0,0,0.0,1,1,1,1,1,1,1,0,0.0,0,,0.0,0.0,0,
0,NewMedia0,45786,312.45264,6003115350314,0.4374,0.54928,312.21716,0.23547,1361,1,0.46155,0.52926,1,0.22187,0.72315,3, ,0,,0.21678,0.55632,13.77724,0.91517,1,0.53924,0.50924,13.36964,0.91517,1,0,0.0,7,2.37297,1,2.62426,1,0.0,0,0,0,0,0,0,0.0,1,1,1,1,1,1,1,0,0.0,0,,0.0,0.0,0,
0,NewMedia0,47182,321.85632,6003209386768,0.28454,0.71371,321.69543,0.16089,1404,1,0.27329,0.70541,1,0.21875,0.66204,1, ,0,,0.20915,0.5658,13.03639,0.89719,1,0.532,0.52095,12.7236,0.89719,1,0,0.0,8,2.43854,1,2.58799,1,0.0,0,0,0,0,0,0,0.0,1,1,1,1,1,1,1,0,0.0,0,,0.0,0.0,0,
0,NewMedia0,47195,321.94336,6003210258072,0.26828,0.74636,321.69543,0.24146,1404,0,0.29153,0.78612,1,0.21875,0.66204,3, ,0,,0.21105,0.56549,12.45344,0.90873,1,0.53357,0.52103,12.52437,0.91375,1,0,0.0,8,2.23226,1,2.58997,1,0.0,0,0,0,0,0,0,0.0,1,1,1,1,1,1,1,0,0.0,0,,0.0,0.0,0,
0,NewMedia0,47268,322.43237,6003215147118,0.37332,0.66437,322.31177,0.12061,1406,1,0.36749,0.62502,1,0.21719,0.725,1, ,0,,0.21482,0.56401,13.01106,0.92574,1,0.53799,0.51968,12.33543,0.92022,1,0,0.0,8,2.18547,1,2.48724,1,0.0,0,0,0,0,0,0,0.0,1,1,1,1,1,1,1,0,0.0,0,,0.0,0.0,0,
0,NewMedia0,47280,322.51282,6003215951731,0.37562,0.67021,322.31177,0.20105,1406,1,0.36823,0.67197,1,0.21719,0.725,3, ,0,,0.21549,0.5631,13.35664,0.91375,1,0.53822,0.51956,12.46485,0.90823,1,0,0.0,8,2.20848,1,2.58747,1,0.0,0,0,0,0,0,0,0.0,1,1,1,1,1,1,1,0,0.0,0,,0.0,0.0,0,
0,NewMedia0,49053,334.73071,6003338130537,0.33052,0.69253,334.49609,0.23462,1452,1,0.34293,0.67358,1,0.21667,0.66944,1, ,0,,0.23989,0.56565,12.50884,0.89217,1,0.56499,0.52941,11.8328,0.88715,1,0,0.0,8,2.24595,1,2.55627,1,0.0,0,0,0,0,0,0,0.0,1,1,1,1,1,1,1,0,0.0,0,,0.0,0.0,0,
0,NewMedia0,49066,334.81799,6003339003891,0.38674,0.65802,334.78479,0.0332,1453,1,0.35319,0.64939,1,0.21667,0.66944,3, ,0,,0.24425,0.56591,12.15215,0.91928,1,0.56847,0.5297,12.14498,0.91928,1,0,0.0,8,2.0972,1,2.48602,1,0.0,0,0,0,0,0,0,0.0,1,1,1,1,1,1,1,0,0.0,0,,0.0,0.0,0,
0,NewMedia0,50438,344.26904,6003433514544,0.0,0.0,343.9342,0.15076,1490,0,0.20732,0.86834,0,0.22187,0.69352,1, ,0,,0.24471,0.56476,12.58171,0.94369,0,0.56731,0.53132,11.45391,0.94369,0,0,0.0,7,2.18624,0,2.52881,0,0.0,0,0,0,0,0,0,0.0,1,1,1,1,1,1,1,0,0.0,0,,0.0,0.0,0,
0,NewMedia0,50447,344.36292,6003434453143,0.0,0.0,343.9342,0.15076,1490,0,0.20732,0.86834,0,0.22187,0.69352,3, ,0,,0.24471,0.56476,12.58171,0.94369,0,0.56731,0.53132,11.45391,0.94369,0,0,0.0,7,2.18624,0,2.52881,0,0.0,0,0,0,0,0,0,0.0,1,1,1,1,1,1,1,0,0.0,0,,0.0,0.0,0,
0,NewMedia0,51868,354.12219,6003532046196,0.48615,0.639,354.0752,0.047,1533,1,0.48686,0.62634,1,0.22708,0.73426,1, ,0,,0.24203,0.56713,13.58268,0.89217,1,0.56563,0.53152,13.318,0.88715,1,0,0.0,8,2.33615,1,2.46029,1,0.0,0,0,0,0,0,0,0.0,1,1,1,1,1,1,1,0,0.0,0,,0.0,0.0,0,
0,NewMedia0,51881,354.20947,6003532918909,0.49473,0.63181,354.0752,0.13428,1533,1,0.47082,0.55684,1,0.22708,0.73426,3, ,0,,0.24176,0.56526,13.40163,0.93726,1,0.56604,0.52902,13.30563,0.93726,1,0,0.0,8,2.40068,1,2.42664,1,0.0,0,0,0,0,0,0,0.0,1,1,1,1,1,1,1,0,0.0,0,,0.0,0.0,0,
0,NewMedia0,54630,372.72363,6003718060808,0.38149,0.65426,372.66345,0.06018,1613,1,0.39341,0.66962,1,0.21563,0.68611,1, ,0,,0.19478,0.57633,13.13753,0.89729,1,0.51787,0.52451,12.70542,0.89176,1,0,0.0,7,2.22587,1,2.5642,1,0.0,0,0,0,0,0,0,0.0,1,1,1,1,1,1,1,0,0.0,0,,0.0,0.0,0,
0,NewMedia0,54642,372.80859,6003718909709,0.37433,0.66767,372.66345,0.14514,1613,1,0.36082,0.65499,1,0.21563,0.68611,3, ,0,,0.19661,0.57414,13.37164,0.91928,1,0.52033,0.52263,12.22224,0.91375,1,0,0.0,7,2.302,1,2.49422,1,0.0,0,0,0,0,0,0,0.0,1,1,1,1,1,1,1,0,0.0,0,,0.0,0.0,0,
0,NewMedia0,56749,387.18567,6003862680154,0.36116,0.65477,387.12512,0.06055,1681,1,0.35674,0.67396,1,0.23542,0.74259,1, ,0,,0.19352,0.57442,13.40652,0.88715,1,0.5178,0.52243,12.59711,0.89217,1,0,0.0,7,2.167,1,2.47396,1,0.0,0,0,0,0,0,0,0.0,1,1,1,1,1,1,1,0,0.0,0,,0.0,0.0,0,
0,NewMedia0,56771,387.33276,6003864151651,0.36942,0.65095,387.12512,0.20764,1681,1,0.32554,0.62884,1,0.23542,0.74259,3, ,0,,0.19161,0.57324,13.03536,0.91928,1,0.51639,0.5227,12.50174,0.91928,1,0,0.0,7,2.36057,1,2.61452,1,0.0,0,0,0,0,0,0,0.0,1,1,1,1,1,1,1,0,0.0,0,,0.0,0.0,0,
0,NewMedia0,58994,402.4845,6004015668864,0.38041,0.40455,402.12268,0.13782,1754,0,0.36881,0.42265,1,0.2151,0.69259,1, ,0,,0.19222,0.56551,14.59917,0.92116,1,0.51464,0.50686,11.62061,0.92116,0,0,0.0,8,2.45676,1,2.29749,0,0.0,0,0,0,0,0,0,0.0,1,1,1,1,1,1,1,0,0.0,0,,0.0,0.0,0,
0,NewMedia0,59009,402.58496,6004016673442,0.35479,0.43092,402.47131,0.11365,1755,1,0.32761,0.44751,1,0.2151,0.69259,3, ,0,,0.19614,0.56595,14.14165,0.90318,1,0.52112,0.5021,12.86514,0.89816,1,0,0.0,8,2.60284,1,3.09166,1,0.0,0,0,0,0,0,0,0.0,1,1,1,1,1,1,1,0,0.0,0,,0.0,0.0,0,
0,NewMedia0,59111,403.26843,6004023507684,0.27819,0.69931,403.06726,0.19434,1758,0,0.27343,0.71426,1,0.22187,0.74722,1, ,0,,0.19064,0.57188,13.85865,0.91614,1,0.51551,0.50933,13.27253,0.92669,1,0,0.0,8,2.27747,1,2.62913,1,0.0,0,0,0,0,0,0,0.0,1,1,1,1,1,1,1,0,0.0,0,,0.0,0.0,0,
0,NewMedia0,59124,403.35522,6004024376700,0.26923,0.72894,403.26843,0.08679,1759,1,0.28976,0.74063,1,0.22187,0.74722,3, ,0,,0.19055,0.5733,13.75863,0.92072,1,0.51562,0.51014,13.91721,0.91018,1,0,0.0,8,2.31344,1,2.58689,1,0.0,0,0,0,0,0,0,0.0,1,1,1,1,1,1,1,0,0.0,0,,0.0,0.0,0,
0,NewMedia0,62562,426.75256,6004258350081,0.29458,0.75177,426.04272,0.70984,1852,1,0.26011,0.72018,1,0.20625,0.68704,1, ,0,,0.20139,0.57316,12.59711,0.88715,1,0.52768,0.51535,11.59166,0.88212,1,0,0.0,13,2.47125,1,2.76775,1,0.0,0,0,0,0,0,0,0.0,1,1,1,1,1,1,1,0,0.0,0,,0.0,0.0,0,
0,NewMedia0,62579,426.86658,6004259489089,0.24638,0.76222,426.78027,0.0863,1853,1,0.27362,0.7269,1,0.20625,0.68704,3, ,0,,0.20745,0.57339,12.50353,0.90873,1,0.53415,0.5172,11.51986,0.89819,1,0,0.0,13,2.30587,1,2.78075,1,0.0,0,0,0,0,0,0,0.0,1,1,1,1,1,1,1,0,0.0,0,,0.0,0.0,0,
0,NewMedia0,62616,427.11438,6004261967689,0.30492,0.80021,427.01404,0.10034,1854,1,0.3322,0.751,1,0.2125,0.73981,1, ,0,,0.20896,0.57134,12.19205,0.91517,1,0.53623,0.51613,11.98009,0.91517,1,0,0.0,13,2.19053,1,2.52672,1,0.0,0,0,0,0,0,0,0.0,1,1,1,1,1,1,1,0,0.0,0,,0.0,0.0,0,
0,NewMedia0,62632,427.22156,6004263039310,0.38753,0.72886,427.20129,0.02026,1855,1,0.40298,0.72404,1,0.2125,0.73981,3, ,0,,0.20768,0.57056,12.05347,0.8767,1,0.53532,0.51449,11.83716,0.8767,1,0,0.0,13,2.2589,1,2.39588,1,0.0,0,0,0,0,0,0,0.0,1,1,1,1,1,1,1,0,0.0,0,,0.0,0.0,0,
0,NewMedia0,64199,437.91211,6004369944718,0.26189,0.74005,437.89209,0.02002,1900,1,0.25502,0.73243,1,0.21719,0.675,1, ,0,,0.20749,0.56975,13.54817,0.89729,1,0.5349,0.51586,13.66187,0.89176,1,0,0.0,15,2.35449,1,2.69115,1,0.0,0,0,0,0,0,0,0.0,1,1,1,1,1,1,1,0,0.0,0,,0.0,0.0,0,
0,NewMedia0,64214,438.01257,6004370950144,0.32561,0.632,437.89209,0.10022,1900,0,0.33694,0.62048,1,0.21719,0.675,3, ,0,,0.21286,0.56543,13.3718,0.88644,1,0.53938,0.51086,13.81538,0.88092,1,0,0.0,15,2.45017,1,2.6911,1,0.0,0,0,0,0,0,0,0.0,1,1,1,1,1,1,1,0,0.0,0,,0.0,0.0,0,
0,NewMedia0,65364,445.71558,6004447980140,0.44177,0.68837,445.40088,0.27466,1938,0,0.46206,0.72211,1,0.21823,0.72963,1, ,0,,0.21911,0.56545,13.6838,0.8771,1,0.54681,0.51432,13.13252,0.8771,1,0,0.0,14,2.26078,1,2.88773,1,0.0,0,0,0,0,0,0,0.0,1,1,1,1,1,1,1,0,0.0,0,,0.0,0.0,0,
0,NewMedia0,65377,445.80518,6004448875492,0.42013,0.69639,445.70215,0.10303,1939,1,0.41603,0.69113,1,0.21823,0.72963,3, ,0,,0.21893,0.56553,13.24984,0.8771,1,0.54642,0.51408,13.44627,0.8771,1,0,0.0,14,2.24376,1,2.59868,1,0.0,0,0,0,0,0,0,0.0,1,1,1,1,1,1,1,0,0.0,0,,0.0,0.0,0,
0,NewMedia0,66719,454.9729,6004540553129,0.36855,0.68536,454.85205,0.12085,1986,1,0.37694,0.6858,1,0.225,0.6713,1, ,0,,0.17707,0.56082,12.0219,0.92116,1,0.49835,0.49152,11.49765,0.92116,1,0,0.0,13,2.22985,1,2.37705,1,0.0,0,0,0,0,0,0,0.0,1,1,1,1,1,1,1,0,0.0,0,,0.0,0.0,0,
0,NewMedia0,66733,455.06689,6004541492486,0.36388,0.69614,454.85205,0.21484,1986,1,0.33187,0.70235,1,0.225,0.6713,3, ,0,,0.17912,0.56026,12.38726,0.90823,1,0.50061,0.49216,12.13792,0.91375,1,0,0.0,13,2.04102,1,2.54567,1,0.0,0,0,0,0,0,0,0.0,1,1,1,1,1,1,1,0,0.0,0,,0.0,0.0,0,
0,NewMedia0,66847,455.8302,6004549125883,0.32069,0.74077,455.7196,0.1106,1990,1,0.35344,0.66019,1,0.22344,0.73148,1, ,0,,0.18192,0.55623,12.30243,0.92621,1,0.50319,0.48904,11.28551,0.93174,1,0,0.0,13,2.10872,1,2.33228,1,0.0,0,0,0,0,0,0,0.0,1,1,1,1,1,1,1,0,0.0,0,,54.37991,20.49575,0,
0,NewMedia0,66861,455.92419,6004550066149,0.3657,0.70426,455.83691,0.08728,1991,1,0.39591,0.67079,1,0.22344,0.73148,3, ,0,,0.18499,0.55535,12.33788,0.92249,1,0.50677,0.49047,11.85331,0.92249,1,0,0.0,13,2.07637,1,2.42646,1,0.0,0,0,0,0,0,0,0.0,1,1,1,1,1,1,1,0,0.0,0,,0.0,0.0,0,
0,NewMedia0,68129,464.61206,6004636944316,0.2851,0.77551,464.53137,0.08069,2034,1,0.27938,0.73994,1,0.21771,0.68889,1, ,0,,0.18538,0.56466,12.50318,0.90774,1,0.50942,0.50417,12.25267,0.90774,1,0,0.0,12,2.35141,1,2.63322,1,0.0,0,0,0,0,0,0,0.0,1,1,1,1,1,1,1,0,0.0,0,,0.0,0.0,0,
0,NewMedia0,68140,464.68555,6004637678798,0.29284,0.73794,464.65869,0.02686,2035,1,0.31254,0.7828,1,0.21771,0.68889,3, ,0,,0.18652,0.5666,13.06823,0.88212,1,0.51073,0.50562,11.72704,0.88715,1,0,0.0,12,2.19795,1,2.53613,1,0.0,0,0,0,0,0,0,0.0,1,1,1,1,1,1,1,0,0.0,0,,0.0,0.0,0,
0,NewMedia0,68257,465.46912,6004645515203,0.32659,0.68878,465.24902,0.22009,2038,1,0.35973,0.66916,1,0.21771,0.73148,1, ,0,,0.19437,0.56157,13.57148,0.90271,1,0.51877,0.50312,13.41255,0.90823,1,0,0.0,12,2.29739,1,2.59761,1,0.0,0,0,0,0,0,0,0.0,1,1,1,1,1,1,1,0,0.0,0,,0.0,0.0,0,
0,NewMedia0,68275,465.58984,6004646722148,0.42958,0.66137,465.50269,0.08716,2039,1,0.42764,0.68853,1,0.21771,0.73148,3, ,0,,0.19801,0.56328,13.46513,0.91375,1,0.52254,0.50349,13.07441,0.90823,1,0,0.0,12,2.29507,1,2.56015,1,0.0,0,0,0,0,0,0,0.0,1,1,1,1,1,1,1,0,0.0,0,,0.0,0.0,0,
0,NewMedia0,70065,477.72034,6004768026965,0.66628,0.55337,477.61987,0.10046,2103,1,0.6576,0.57444,1,0.2224,0.69074,1, ,0,,0.21085,0.54969,11.62925,0.89719,1,0.53572,0.49628,11.15448,0.89719,1,0,0.0,9,2.68893,1,2.60011,1,0.0,0,0,0,0,0,0,0.0,1,1,1,1,1,1,1,0,0.0,0,,0.0,0.0,0,
0,NewMedia0,70081,477.82764,6004769100427,0.67182,0.51606,477.61987,0.19446,2103,0,0.67291,0.52657,1,0.2224,0.69074,3, ,0,,0.21067,0.55179,11.17006,0.9147,1,0.53539,0.49778,11.57408,0.92022,1,0,0.0,9,2.66252,1,2.60423,1,0.0,0,0,0,0,0,0,0.0,1,1,1,1,1,1,1,0,0.0,0,,0.0,0.0,0,
0,NewMedia0,71449,487.0647,6004861471272,0.24658,0.39658,486.87817,0.15295,2156,0,0.23107,0.35251,1,0.21771,0.72963,1, ,0,,0.20113,0.55675,11.16684,0.93773,1,0.52465,0.50111,10.9329,0.94325,1,0,0.0,7,2.33268,1,2.74479,1,0.0,0,0,0,0,0,0,0.0,1,1,1,1,1,1,1,0,0.0,0,,0.0,0.0,0,
0,NewMedia0,71464,487.16504,6004862474769,0.30037,0.56517,487.05798,0.09363,2157,0,0.3174,0.59633,1,0.21771,0.72963,3, ,0,,0.20178,0.55654,11.05142,0.89719,1,0.52551,0.50112,11.2025,0.89719,1,0,0.0,7,2.37033,1,2.88923,1,0.0,0,0,0,0,0,0,0.0,1,1,1,1,1,1,1,0,0.0,0,,0.0,0.0,0,
0,NewMedia0,72268,492.61755,6004916999309,0.29146,0.75757,492.46338,0.15417,2184,1,0.26093,0.78708,1,0.21719,0.68796,1, ,0,,0.19559,0.56188,12.05114,0.91928,1,0.51996,0.50596,12.03344,0.91928,1,0,0.0,7,2.16064,1,2.61325,1,0.0,0,0,0,0,0,0,0.0,1,1,1,1,1,1,1,0,0.0,0,,0.0,0.0,0,
0,NewMedia0,72284,492.72485,6004918072098,0.2789,0.80377,492.46338,0.24829,2184,0,0.28008,0.81488,1,0.21719,0.68796,3, ,0,,0.19595,0.56226,11.76108,0.90823,1,0.52031,0.50582,11.85974,0.90271,1,0,0.0,7,2.1048,1,2.56367,1,0.0,0,0,0,0,0,0,0.0,1,1,1,1,1,1,1,0,0.0,0,,0.0,0.0,0,
0,NewMedia0,72325,493.00024,6004920826251,0.25798,0.7739,492.93237,0.06787,2186,1,0.29502,0.78414,1,0.21667,0.72407,1, ,0,,0.20043,0.56342,12.04663,0.90873,1,0.52572,0.50748,10.89355,0.89819,1,0,0.0,7,2.2217,1,2.77731,1,0.0,0,0,0,0,0,0,0.0,1,1,1,1,1,1,1,0,0.0,0,,0.0,0.0,0,
0,NewMedia0,72340,493.09985,6004921823000,0.31027,0.78225,492.93237,0.16101,2186,0,0.31566,0.77824,1,0.21667,0.72407,3, ,0,,0.19896,0.5639,11.18966,0.8771,1,0.52407,0.50707,11.35789,0.8771,1,0,0.0,7,2.11033,1,2.50344,1,0.0,0,0,0,0,0,0,0.0,1,1,1,1,1,1,1,0,0.0,0,,0.0,0.0,0,
0,NewMedia0,73405,500.30066,6004993830305,0.26807,0.78914,500.18689,0.11377,2221,1,0.26658,0.74754,1,0.20677,0.67037,1, ,0,,0.19897,0.55677,11.75551,0.90823,1,0.52105,0.50147,11.68386,0.91375,1,0,0.0,6,2.57908,1,2.53665,1,0.0,0,0,0,0,0,0,0.0,1,1,1,1,1,1,1,0,0.0,0,,0.0,0.0,0,
0,NewMedia0,73419,500.39465,6004994770144,0.30918,0.7169,500.36755,0.0271,2222,1,0.29469,0.73615,1,0.20677,0.67037,3, ,0,,0.19634,0.55824,12.52712,0.95657,1,0.51913,0.50076,11.58919,0.95657,1,0,0.0,6,2.22972,1,2.44012,1,0.0,0,0,0,0,0,0,0.0,1,1,1,1,1,1,1,0,0.0,0,,0.0,0.0,0,
0,NewMedia0,73645,501.90955,6005009919187,0.51686,0.40575,501.7876,0.12195,2231,1,0.50376,0.37047,1,0.2099,0.71574,1, ,0,,0.21052,0.54522,11.89373,0.90318,1,0.53393,0.4906,10.79519,0.90318,1,0,0.0,6,2.58997,1,2.85806,1,0.0,0,0,0,0,0,0,0.0,1,1,1,1,1,1,1,0,0.0,0,,44.83126,51.4858,0,
0,NewMedia0,73657,501.98853,6005010708688,0.49662,0.42927,501.91492,0.07361,2232,1,0.51623,0.5301,1,0.2099,0.71574,3, ,0,,0.21109,0.54493,11.9511,0.90318,1,0.53465,0.48997,10.73504,0.90318,1,0,0.0,6,2.56821,1,2.69631,1,0.0,0,0,0,0,0,0,0.0,1,1,1,1,1,1,1,0,0.0,0,,0.0,0.0,0,
0,NewMedia0,73854,503.32166,6005024040840,0.25798,0.79725,503.24121,0.08044,2239,1,0.23967,0.79952,1,0.21302,0.7287,1, ,0,,0.20295,0.55686,11.30126,0.92069,1,0.52653,0.50301,11.56211,0.91517,1,0,0.0,7,2.06575,1,2.59631,1,0.0,0,0,0,0,0,0,0.0,1,1,1,1,1,1,1,0,0.0,0,,0.0,0.0,0,
0,NewMedia0,73867,503.40857,6005024909013,0.30609,0.77143,503.24121,0.15405,2239,0,0.29993,0.74979,1,0.21302,0.7287,3, ,0,,0.20312,0.55683,11.70277,0.92574,1,0.52612,0.50178,11.77225,0.92022,1,0,0.0,7,2.33276,1,2.58573,1,0.0,0,0,0,0,0,0,0.0,1,1,1,1,1,1,1,0,0.0,0,,0.0,0.0,0,
0,NewMedia0,77103,525.2074,6005242897778,0.32284,0.766,525.17163,0.03577,2342,1,0.33591,0.7611,1,0.21927,0.68426,1, ,0,,0.21351,0.55086,12.7413,0.87056,1,0.54096,0.49695,12.28257,0.87056,1,0,0.0,8,2.17611,1,2.59707,1,0.0,0,0,0,0,0,0,0.0,1,1,1,1,1,1,1,0,0.0,0,,0.0,0.0,0,
0,NewMedia0,77113,525.27209,6005243544926,0.32212,0.75978,525.17163,0.10046,2342,1,0.28765,0.73061,1,0.21927,0.68426,3, ,0,,0.2111,0.55145,12.83883,0.90271,1,0.53895,0.49665,11.81765,0.90823,1,0,0.0,8,2.2172,1,2.62197,1,0.0,0,0,0,0,0,0,0.0,1,1,1,1,1,1,1,0,0.0,0,,0.0,0.0,0,
0,NewMedia0,77398,527.20105,6005262834722,0.44905,0.5111,527.01355,0.16089,2349,0,0.46536,0.54739,1,0.21979,0.725,1, ,0,,0.22112,0.54766,11.34094,0.88758,1,0.5481,0.49084,10.87906,0.87798,1,0,0.0,8,2.63474,1,2.61515,1,0.0,0,0,0,0,0,0,0.0,1,1,1,1,1,1,1,0,0.0,0,,0.0,0.0,0,
0,NewMedia0,77412,527.29504,6005263774111,0.43773,0.51173,527.20105,0.09399,2350,1,0.41366,0.49659,1,0.21979,0.725,3, ,0,,0.22278,0.54743,11.30029,0.86683,1,0.54969,0.4905,11.19226,0.87185,1,0,0.0,8,2.57739,1,2.88596,1,0.0,0,0,0,0,0,0,0.0,1,1,1,1,1,1,1,0,0.0,0,,0.0,0.0,0,
0,NewMedia0,79334,540.61133,6005396937757,0.31992,0.74271,540.49744,0.11389,2409,1,0.32643,0.74065,1,0.22187,0.68519,1, ,0,,0.21673,0.5666,13.02081,0.87679,1,0.54558,0.51678,12.52837,0.87177,1,0,0.0,12,2.19124,1,2.46012,1,0.0,0,0,0,0,0,0,0.0,1,1,1,1,1,1,1,0,0.0,0,,0.0,0.0,0,
0,NewMedia0,79348,540.70532,6005397876796,0.21913,0.68018,540.49744,0.18774,2409,0,0.367,0.64695,1,0.22187,0.68519,3, ,0,,0.22389,0.56611,12.29821,0.88132,1,0.55367,0.51437,11.97054,0.8763,1,0,0.0,12,2.08871,1,2.34047,1,0.0,0,0,0,0,0,0,0.0,1,1,1,1,1,1,1,0,0.0,0,,0.0,0.0,0,
0,NewMedia0,80540,548.79688,6005478792898,0.37028,0.5593,548.61694,0.17993,2447,1,0.39654,0.4947,1,0.21563,0.72963,1, ,0,,0.22952,0.55598,13.91278,0.88092,1,0.55842,0.5082,14.41711,0.88092,1,0,0.0,12,2.43408,1,2.79444,1,0.0,0,0,0,0,0,0,0.0,1,1,1,1,1,1,1,0,0.0,0,,0.0,0.0,0,
0,NewMedia0,80552,548.87732,6005479597546,0.31519,0.56297,548.85681,0.02051,2448,1,0.30341,0.56503,1,0.21563,0.72963,3, ,0,,0.23031,0.5554,14.08553,0.89176,1,0.55964,0.5089,14.70061,0.89176,1,0,0.0,12,2.43566,1,2.88271,1,0.0,0,0,0,0,0,0,0.0,1,1,1,1,1,1,1,0,0.0,0,,0.0,0.0,0,
0,NewMedia0,81844,557.76599,6005568484265,0.34818,0.66583,557.71887,0.04712,2502,1,0.43151,0.66356,1,0.22083,0.66574,1, ,0,,0.16572,0.59364,13.40764,0.88213,1,0.49327,0.5237,12.28409,0.88715,1,0,0.0,11,2.18751,1,2.82073,1,0.0,0,0,0,0,0,0,0.0,1,1,1,1,1,1,1,0,0.0,0,,0.0,0.0,0,
0,NewMedia0,81852,557.81946,6005569018309,0.3671,0.6775,557.71887,0.10059,2502,1,0.36673,0.70151,1,0.22083,0.66574,3, ,0,,0.1668,0.59455,14.00697,0.8771,1,0.49249,0.52331,13.75898,0.8771,1,0,0.0,11,2.21618,1,2.49107,1,0.0,0,0,0,0,0,0,0.0,1,1,1,1,1,1,1,0,0.0,0,,0.0,0.0,0,
0,NewMedia0,81930,558.3418,6005574242395,0.42259,0.6759,558.18115,0.16064,2505,1,0.41904,0.65951,1,0.22135,0.72593,1, ,0,,0.19091,0.58265,13.39687,0.88213,1,0.51847,0.52324,12.28842,0.8771,1,0,0.0,11,2.35418,1,2.37702,1,0.0,0,0,0,0,0,0,0.0,1,1,1,1,1,1,1,0,0.0,0,,0.0,0.0,0,
0,NewMedia0,81944,558.43555,6005575179426,0.53224,0.65008,558.39526,0.04028,2506,1,0.57918,0.63711,1,0.22135,0.72593,3, ,0,,0.19123,0.58056,12.3369,0.8771,1,0.51859,0.52073,12.17377,0.8771,1,0,0.0,11,2.38783,1,2.25945,1,0.0,0,0,0,0,0,0,0.0,1,1,1,1,1,1,1,0,0.0,0,,0.0,0.0,0,
0,NewMedia0,84241,574.34436,6005734268095,0.22598,0.7243,574.31726,0.0271,2601,1,0.2373,0.72704,1,0.20937,0.66667,1, ,0,,0.20134,0.58279,13.02886,0.91928,1,0.52884,0.52716,12.26239,0.91928,1,0,0.0,15,2.17555,1,2.65462,1,0.0,0,0,0,0,0,0,0.0,1,1,1,1,1,1,1,0,0.0,0,,0.0,0.0,0,
0,NewMedia0,84256,574.44482,6005735271776,0.20666,0.73784,574.31726,0.12756,2601,1,0.2366,0.76855,1,0.20937,0.66667,3, ,0,,0.21061,0.58167,12.8495,0.85541,1,0.53769,0.52879,12.62828,0.85541,1,0,0.0,15,2.27492,1,2.60348,1,0.0,0,0,0,0,0,0,0.0,1,1,1,1,1,1,1,0,0.0,0,,0.0,0.0,0,
0,NewMedia0,84342,575.02161,6005741039950,0.41441,0.55337,574.94043,0.08118,2604,1,0.37886,0.44764,1,0.2099,0.72593,1, ,0,,0.20911,0.57594,12.2072,0.89719,1,0.53577,0.51871,11.19414,0.89719,1,0,0.0,15,2.55201,1,2.95013,1,0.0,0,0,0,0,0,0,0.0,1,1,1,1,1,1,1,0,0.0,0,,0.0,0.0,0,
0,NewMedia0,84355,575.10828,6005741906866,0.39118,0.47994,575.03394,0.07434,2605,1,0.4147,0.4694,1,0.2099,0.72593,3, ,0,,0.21524,0.57446,12.11864,0.90385,1,0.54168,0.52047,11.49592,0.90937,1,0,0.0,15,2.46666,1,2.75319,1,0.0,0,0,0,0,0,0,0.0,1,1,1,1,1,1,1,0,0.0,0,,0.0,0.0,0,
0,NewMedia0,85326,581.82642,6005809087572,0.32622,0.73433,581.71277,0.11365,2649,1,0.29939,0.73497,1,0.21979,0.69259,1, ,0,,0.1607,0.58811,14.13518,0.87168,1,0.49047,0.51812,13.34706,0.87168,1,0,0.0,16,2.35727,1,2.58578,1,0.0,0,0,0,0,0,0,0.0,1,1,1,1,1,1,1,0,0.0,0,,0.0,0.0,0,
0,NewMedia0,85337,581.90002,6005809823882,0.26562,0.71083,581.71277,0.17371,2649,0,0.25174,0.70164,1,0.21979,0.69259,3, ,0,,0.16391,0.58804,13.74023,0.88132,1,0.49302,0.51629,13.51376,0.8763,1,0,0.0,16,2.28267,1,2.69577,1,0.0,0,0,0,0,0,0,0.0,1,1,1,1,1,1,1,0,0.0,0,,0.0,0.0,0,
0,NewMedia0,85672,584.14368,6005832261179,0.35178,0.72426,584.10364,0.04004,2667,1,0.35925,0.69052,1,0.22656,0.74074,1, ,0,,0.18222,0.58812,11.71884,0.89176,1,0.51188,0.5249,12.87917,0.88674,1,0,0.0,15,2.16128,1,2.5948,1,0.0,0,0,0,0,0,0,0.0,1,1,1,1,1,1,1,0,0.0,0,,0.0,0.0,0,
0,NewMedia0,85683,584.21777,6005833002168,0.20313,0.7778,584.10364,0.09375,2667,0,0.1391,0.78136,1,0.22656,0.74074,3, ,0,,0.18596,0.58625,11.60811,0.8771,1,0.51596,0.52411,12.20499,0.8771,1,0,0.0,15,2.11635,1,2.68846,1,0.0,0,0,0,0,0,0,0.0,1,1,1,1,1,1,1,0,0.0,0,,0.0,0.0,0,
0,NewMedia0,86812,591.78015,6005908625158,0.40008,0.69688,591.68616,0.09399,2725,1,0.33925,0.67569,1,0.21875,0.69722,1, ,0,,0.18671,0.59195,13.07515,0.85541,1,0.51475,0.52666,11.12524,0.85541,1,0,0.0,11,2.29539,1,2.40123,1,0.0,0,0,0,0,0,0,0.0,1,1,1,1,1,1,1,0,0.0,0,,0.0,0.0,0,
0,NewMedia0,86825,591.86719,6005909495853,0.41788,0.69457,591.68616,0.18103,2725,1,0.49106,0.65762,1,0.21875,0.69722,3, ,0,,0.18897,0.58888,12.70175,0.86061,1,0.51712,0.52695,12.67188,0.85559,1,0,0.0,11,2.19433,1,2.40439,1,0.0,0,0,0,0,0,0,0.0,1,1,1,1,1,1,1,0,0.0,0,,189.48062,183.71902,0,
0,NewMedia0,87356,595.89978,6005949821295,0.29975,0.69409,595.74536,0.14758,2748,0,0.30149,0.6566,1,0.22396,0.73056,1, ,0,,0.23015,0.56696,14.63508,0.86104,1,0.56478,0.54237,14.09649,0.85646,1,0,0.0,13,2.49138,1,2.64044,1,0.0,0,0,0,0,0,0,0.0,1,1,1,1,1,1,1,0,0.0,0,,0.0,0.0,0,
0,NewMedia0,87369,595.98669,6005950690832,0.2839,0.72844,595.89978,0.08691,2749,1,0.3336,0.7923,1,0.22396,0.73056,3, ,0,,0.23164,0.57215,15.138,0.71517,1,0.56595,0.54499,13.40354,0.71517,1,0,0.0,13,2.74354,1,2.78429,1,0.0,0,0,0,0,0,0,0.0,1,1,1,1,1,1,1,0,0.0,0,,0.0,0.0,0,
0,NewMedia0,88227,602.00854,6006010909385,0.51525,0.64799,601.92163,0.08691,2781,1,0.53932,0.6547,1,0.22135,0.68889,1, ,0,,0.20684,0.58095,12.34551,0.87168,1,0.53184,0.51958,12.62224,0.87168,1,0,0.0,14,2.30496,1,2.49001,1,0.0,0,0,0,0,0,0,0.0,1,1,1,1,1,1,1,0,0.0,0,,0.0,0.0,0,
0,NewMedia0,88241,602.10303,6006011854632,0.49587,0.65739,601.92163,0.1814,2781,1,0.43837,0.67059,1,0.22135,0.68889,3, ,0,,0.20392,0.58305,13.01943,0.87168,1,0.52862,0.52039,12.74219,0.87168,1,0,0.0,14,2.21995,1,2.55029,1,0.0,0,0,0,0,0,0,0.0,1,1,1,1,1,1,1,0,0.0,0,,502.04962,13.23401,0,
0,NewMedia0,89133,608.13745,6006072198271,0.31403,0.80516,607.90283,0.23462,2804,1,0.31482,0.83043,1,0.22083,0.72593,1, ,0,,0.20444,0.58145,11.62675,0.89719,1,0.52849,0.5186,11.80443,0.89719,1,0,0.0,15,2.11143,1,2.53626,1,0.0,0,0,0,0,0,0,0.0,1,1,1,1,1,1,1,0,0.0,0,,0.0,0.0,0,
0,NewMedia0,89146,608.22534,6006073077917,0.3104,0.80223,607.90283,0.32251,2804,1,0.30401,0.75472,1,0.22083,0.72593,3, ,0,,0.20611,0.58096,12.51905,0.89719,1,0.52927,0.51763,11.6486,0.89719,1,0,0.0,15,2.28564,1,2.53892,1,0.0,0,0,0,0,0,0,0.0,1,1,1,1,1,1,1,0,0.0,0,,0.0,0.0,0,
0,NewMedia0,90448,617.12,6006162023845,0.40299,0.63322,616.91223,0.18127,2849,0,0.40805,0.59359,1,0.22448,0.69815,1, ,0,,0.2217,0.57012,13.48448,0.85793,1,0.54713,0.51736,12.69907,0.85793,1,0,0.0,16,2.60273,1,2.63837,1,0.0,0,0,0,0,0,0,0.0,1,1,1,1,1,1,1,0,0.0,0,,0.0,0.0,0,
0,NewMedia0,90458,617.18713,6006162695612,0.26949,0.75755,617.14014,0.047,2850,1,0.25287,0.74149,1,0.22448,0.69815,3, ,0,,0.22118,0.56975,13.80107,0.8822,1,0.5477,0.51539,12.68844,0.87668,1,0,0.0,16,2.46409,1,2.61671,1,0.0,0,0,0,0,0,0,0.0,1,1,1,1,1,1,1,0,0.0,0,,0.0,0.0,0,
0,NewMedia0,90516,617.578,6006166604476,0.80653,0.63667,617.54187,0.03613,2853,1,0.80949,0.6068,1,0.21146,0.73981,1, ,0,,0.27204,0.55278,13.7762,0.8771,1,0.5996,0.51035,12.37413,0.8771,1,0,0.0,16,2.87173,1,2.69223,1,0.0,0,0,0,0,0,0,0.0,1,1,1,1,1,1,1,0,0.0,0,,0.0,0.0,0,
0,NewMedia0,90527,617.64978,6006167321225,0.79608,0.63588,617.54187,0.10791,2853,1,0.77901,0.63148,1,0.21146,0.73981,3, ,0,,0.26938,0.55431,14.02987,0.87128,1,0.59574,0.5105,14.10115,0.8763,1,0,0.0,16,2.69743,1,2.63703,1,0.0,0,0,0,0,0,0,0.0,1,1,1,1,1,1,1,0,0.0,0,,0.0,0.0,0,
0,NewMedia0,93009,634.40198,6006334843432,0.27414,0.75069,634.2207,0.18127,2943,1,0.15803,0.69366,1,0.22292,0.66574,1, ,0,,0.23025,0.57186,12.25736,0.85048,1,0.56109,0.51397,12.1708,0.8459,1,0,0.0,15,2.4083,1,2.43479,1,0.0,0,0,0,0,0,0,0.0,1,1,1,1,1,1,1,0,0.0,0,,0.0,0.0,0,
0,NewMedia0,93020,634.47559,6006335579766,0.54268,0.70198,634.45532,0.02026,2944,1,0.55001,0.69272,1,0.22292,0.66574,3, ,0,,0.23635,0.57113,12.69265,0.84624,1,0.56695,0.51322,11.81814,0.84166,1,0,0.0,15,2.43454,1,2.39662,1,0.0,0,0,0,0,0,0,0.0,1,1,1,1,1,1,1,0,0.0,0,,0.0,0.0,0,
0,NewMedia0,93160,635.41321,6006344955758,0.36181,0.50396,635.27917,0.13403,2948,1,0.32497,0.51779,1,0.21198,0.73241,1, ,0,,0.2168,0.56539,13.62763,0.85541,1,0.54674,0.50574,13.69327,0.85541,1,0,0.0,15,2.58195,1,3.1098,1,0.0,0,0,0,0,0,0,0.0,1,1,1,1,1,1,1,0,0.0,0,,0.0,0.0,0,
0,NewMedia0,93177,635.52734,6006346097099,0.32147,0.52524,635.45996,0.06738,2949,1,0.31257,0.52651,1,0.21198,0.73241,3, ,0,,0.21651,0.56503,13.30711,0.82229,1,0.54653,0.50527,13.57428,0.82687,1,0,0.0,15,2.66389,1,3.02439,1,0.0,0,0,0,0,0,0,0.0,1,1,1,1,1,1,1,0,0.0,0,,0.0,0.0,0,
0,NewMedia0,93990,641.06079,6006401431866,0.27887,0.7867,640.95935,0.10144,2979,1,0.27898,0.78634,1,0.22292,0.67407,1, ,0,,0.21676,0.58294,12.45497,0.83111,1,0.54963,0.52624,11.6103,0.82652,1,0,0.0,14,2.29132,1,2.74703,1,0.0,0,0,0,0,0,0,0.0,1,1,1,1,1,1,1,0,0.0,0,,0.0,0.0,0,
0,NewMedia0,94005,641.16296,6006402453943,0.27735,0.77266,640.95935,0.20361,2979,1,0.26708,0.76363,1,0.22292,0.67407,3, ,0,,0.21791,0.58537,12.82783,0.84555,1,0.55078,0.52789,12.20881,0.84555,1,0,0.0,14,2.23809,1,2.77326,1,0.0,0,0,0,0,0,0,0.0,1,1,1,1,1,1,1,0,0.0,0,,0.0,0.0,0,
0,NewMedia0,94091,641.73633,6006408187683,0.61332,0.65121,641.64929,0.08704,2983,1,0.57706,0.65755,1,0.22448,0.72407,1, ,0,,0.2265,0.58057,11.47031,0.85541,1,0.55874,0.52254,11.3286,0.85083,1,0,0.0,14,2.44181,1,2.57249,1,0.0,0,0,0,0,0,0,0.0,1,1,1,1,1,1,1,0,0.0,0,,0.0,0.0,0,
0,NewMedia0,94104,641.82336,6006409057889,0.57097,0.61332,641.77649,0.04688,2984,1,0.573,0.56164,1,0.22448,0.72407,3, ,0,,0.22714,0.57488,11.89964,0.87549,1,0.55804,0.51596,12.51606,0.87549,1,0,0.0,14,2.63503,1,2.70274,1,0.0,0,0,0,0,0,0,0.0,1,1,1,1,1,1,1,0,0.0,0,,0.0,0.0,0,
0,NewMedia0,95193,649.16467,6006482470660,0.28883,0.78416,649.03076,0.13391,3025,1,0.39561,0.75255,1,0.21094,0.6713,1, ,0,,0.21785,0.5739,11.9602,0.85167,1,0.54788,0.51599,11.68905,0.85625,1,0,0.0,15,2.17575,1,2.42281,1,0.0,0,0,0,0,0,0,0.0,1,1,1,1,1,1,1,0,0.0,0,,0.0,0.0,0,
0,NewMedia0,95205,649.24512,6006483275333,0.38485,0.74867,649.17908,0.06604,3026,1,0.3654,0.74865,1,0.21094,0.6713,3, ,0,,0.21583,0.57513,11.67149,0.85167,1,0.54583,0.51516,11.01224,0.85625,1,0,0.0,15,2.18107,1,2.43446,1,0.0,0,0,0,0,0,0,0.0,1,1,1,1,1,1,1,0,0.0,0,,0.0,0.0,0,
0,NewMedia0,95432,650.76624,6006498486150,0.53786,0.7234,650.63867,0.12756,3033,1,0.53956,0.7734,1,0.2151,0.73241,1, ,0,,0.22858,0.54891,11.3265,0.84166,1,0.55902,0.49148,11.34907,0.84624,1,0,0.0,15,2.28768,1,2.29573,1,0.0,0,0,0,0,0,0,0.0,1,1,1,1,1,1,1,0,0.0,0,,0.0,0.0,0,
0,NewMedia0,95443,650.83936,6006499217648,0.53517,0.72796,650.63867,0.20068,3033,1,0.57705,0.76181,1,0.2151,0.73241,3, ,0,,0.23306,0.5456,11.74786,0.83708,1,0.56379,0.48996,11.3228,0.84166,1,0,0.0,15,2.56509,1,2.38141,1,0.0,0,0,0,0,0,0,0.0,1,1,1,1,1,1,1,0,0.0,0,,0.0,0.0,0,
0,NewMedia0,96311,656.6781,6006557605254,0.30214,0.74543,656.4325,0.24561,3063,1,0.2739,0.7199,1,0.21667,0.67037,1, ,0,,0.1894,0.58123,14.62756,0.84166,1,0.51916,0.51348,12.67443,0.84624,1,0,0.0,13,2.36351,1,2.74932,1,0.0,0,0,0,0,0,0,0.0,1,1,1,1,1,1,1,0,0.0,0,,0.0,0.0,0,
0,NewMedia0,96321,656.7406,6006558229578,0.29618,0.74273,656.4325,0.30811,3063,1,0.25812,0.76308,1,0.21667,0.67037,3, ,0,,0.19083,0.58131,14.37872,0.85135,1,0.52031,0.51396,12.77608,0.84175,1,0,0.0,13,2.40348,1,2.68795,1,0.0,0,0,0,0,0,0,0.0,1,1,1,1,1,1,1,0,0.0,0,,0.0,0.0,0,
0,NewMedia0,96378,657.12256,6006562049198,0.3204,0.72435,657.00867,0.11389,3065,1,0.37094,0.69528,1,0.21563,0.73333,1, ,0,,0.19591,0.57918,13.40825,0.84131,1,0.52687,0.51366,12.49796,0.8459,1,0,0.0,13,2.2767,1,2.60292,1,0.0,0,0,0,0,0,0,0.0,1,1,1,1,1,1,1,0,0.0,0,,0.0,0.0,0,
0,NewMedia0,96385,657.16919,6006562515955,0.3272,0.71897,657.00867,0.16052,3065,1,0.35044,0.71082,1,0.21563,0.73333,3, ,0,,0.19269,0.58055,13.41817,0.8555,1,0.52304,0.51398,13.34957,0.8555,1,0,0.0,13,2.42675,1,2.6647,1,0.0,0,0,0,0,0,0,0.0,1,1,1,1,1,1,1,0,0.0,0,,0.0,0.0,0,
0,NewMedia0,97306,663.34534,6006624277276,0.30639,0.78328,663.28503,0.0603,3097,1,0.32437,0.79711,1,0.20417,0.69444,1, ,0,,0.21427,0.57749,12.45927,0.84668,1,0.54529,0.51603,11.89386,0.85628,1,0,0.0,12,2.24506,1,2.64204,1,0.0,0,0,0,0,0,0,0.0,1,1,1,1,1,1,1,0,0.0,0,,0.0,0.0,0,
0,NewMedia0,97318,663.42578,6006625081485,0.30518,0.78318,663.28503,0.14075,3097,1,0.29067,0.79867,1,0.20417,0.69444,3, ,0,,0.21389,0.57772,12.37176,0.83708,1,0.54474,0.516,12.17679,0.83708,1,0,0.0,12,2.28659,1,2.66047,1,0.0,0,0,0,0,0,0,0.0,1,1,1,1,1,1,1,0,0.0,0,,0.0,0.0,0,
0,NewMedia0,97392,663.92163,6006630040174,0.73882,0.59623,663.8877,0.03394,3101,1,0.74776,0.64393,1,0.21042,0.73148,1, ,0,,0.22527,0.57301,11.59338,0.85541,1,0.55618,0.50982,11.65521,0.85541,1,0,0.0,12,2.78725,1,2.70002,1,0.0,0,0,0,0,0,0,0.0,1,1,1,1,1,1,1,0,0.0,0,,0.0,0.0,0,
0,NewMedia0,97407,664.02197,6006631044150,0.74302,0.58881,663.8877,0.13428,3101,1,0.71701,0.62593,1,0.21042,0.73148,3, ,0,,0.22674,0.57409,12.36567,0.85541,1,0.55865,0.5103,11.62001,0.85541,1,0,0.0,12,2.73304,1,2.82995,1,0.0,0,0,0,0,0,0,0.0,1,1,1,1,1,1,1,0,0.0,0,,0.0,0.0,0,
0,NewMedia0,98962,674.49805,6006735804584,0.47371,0.71927,674.3103,0.18774,3147,1,0.30879,0.79436,1,0.20885,0.68611,1, ,0,,0.20284,0.57865,12.47919,0.87047,1,0.53345,0.51476,12.91053,0.86545,1,0,0.0,10,2.54715,1,2.56578,1,0.0,0,0,0,0,0,0,0.0,1,1,1,1,1,1,1,0,0.0,0,,0.0,0.0,0,
0,NewMedia0,98975,674.58508,6006736675134,0.28827,0.78754,674.53137,0.05371,3148,1,0.27233,0.84627,1,0.20885,0.68611,3, ,0,,0.20331,0.57862,12.57632,0.85628,1,0.5342,0.51457,12.28022,0.84668,1,0,0.0,10,2.2121,1,2.57275,1,0.0,0,0,0,0,0,0,0.0,1,1,1,1,1,1,1,0,0.0,0,,0.0,0.0,0,
0,NewMedia0,99126,675.59656,6006746789888,0.29001,0.69542,675.31506,0.2749,3151,0,0.2724,0.64672,1,0.20937,0.72685,1, ,0,,0.19944,0.58,12.95122,0.85048,1,0.53068,0.51357,12.90453,0.85048,1,0,0.0,10,2.283,1,2.6419,1,0.0,0,0,0,0,0,0,0.0,1,1,1,1,1,1,1,0,0.0,0,,0.0,0.0,0,
0,NewMedia0,99144,675.71716,6006747995282,0.28413,0.71515,675.59656,0.12061,3152,1,0.26386,0.73516,1,0.20937,0.72685,3, ,0,,0.20514,0.5787,13.66082,0.87168,1,0.53601,0.51342,12.78568,0.8767,1,0,0.0,10,2.56273,1,2.66394,1,0.0,0,0,0,0,0,0,0.0,1,1,1,1,1,1,1,0,0.0,0,,0.0,0.0,0,
0,NewMedia0,99698,679.42798,6006785103769,0.28957,0.79985,679.15332,0.26807,3168,0,0.30187,0.81026,1,0.21198,0.68981,1, ,0,,0.21486,0.57897,13.16037,0.85541,1,0.54536,0.51758,11.7412,0.85541,1,0,0.0,10,2.29156,1,2.58046,1,0.0,0,0,0,0,0,0,0.0,1,1,1,1,1,1,1,0,0.0,0,,0.0,0.0,0,
0,NewMedia0,99710,679.50818,6006785905930,0.32007,0.7768,679.42798,0.0802,3169,1,0.31951,0.72955,1,0.21198,0.68981,3, ,0,,0.21117,0.58043,12.81933,0.85048,1,0.54229,0.51802,12.26374,0.85048,1,0,0.0,10,2.20008,1,2.48752,1,0.0,0,0,0,0,0,0,0.0,1,1,1,1,1,1,1,0,0.0,0,,0.0,0.0,0,
0,NewMedia0,99781,679.98401,6006790664385,0.42155,0.68461,679.84326,0.14075,3171,1,0.40942,0.68118,1,0.20937,0.73148,1, ,0,,0.20941,0.57967,13.22365,0.84097,1,0.54092,0.51626,12.16525,0.83638,1,0,0.0,10,2.31782,1,2.43005,1,0.0,0,0,0,0,0,0,0.0,1,1,1,1,1,1,1,0,0.0,0,,0.0,0.0,0,
0,NewMedia0,99795,680.07776,6006791601739,0.41632,0.68415,679.84326,0.2345,3171,1,0.3775,0.71353,1,0.2099,0.73148,3, ,0,,0.20347,0.58141,13.06556,0.86043,1,0.53516,0.51571,12.17936,0.86043,1,0,0.0,10,2.52728,1,2.53975,1,0.0,0,0,0,0,0,0,0.0,1,1,1,1,1,1,1,0,0.0,0,,0.0,0.0,0,
0,NewMedia0,103518,705.22351,6007043059355,0.27643,0.80564,705.17664,0.04688,3295,1,0.31009,0.76229,1,0.21458,0.68426,1, ,0,,0.23918,0.57251,12.3716,0.80835,1,0.57809,0.52306,12.21101,0.80835,1,0,0.0,6,2.18371,1,2.75773,1,0.0,0,0,0,0,0,0,0.0,1,1,1,1,1,1,1,0,0.0,0,,0.0,0.0,0,
0,NewMedia0,103530,705.30383,6007043861815,0.29689,0.78561,705.17664,0.1272,3295,1,0.31264,0.74527,1,0.21458,0.68426,3, ,0,,0.2406,0.56841,13.30824,0.80835,1,0.57834,0.51911,12.4833,0.80835,1,0,0.0,6,2.38382,1,2.67863,1,0.0,0,0,0,0,0,0,0.0,1,1,1,1,1,1,1,0,0.0,0,,0.0,0.0,0,
0,NewMedia0,103674,706.26941,6007053518051,0.27025,0.7784,706.18103,0.08838,3302,1,0.29754,0.80114,1,0.2224,0.72778,1, ,0,,0.23724,0.57318,13.46386,0.81736,1,0.57277,0.52424,14.13934,0.81736,1,0,0.0,6,2.48687,1,2.80774,1,0.0,0,0,0,0,0,0,0.0,1,1,1,1,1,1,1,0,0.0,0,,0.0,0.0,0,
0,NewMedia0,103684,706.33594,6007054183806,0.26181,0.82284,706.30176,0.03418,3303,1,0.24082,0.79084,1,0.2224,0.72778,3, ,0,,0.23935,0.56601,13.43909,0.82652,1,0.57473,0.51864,14.17216,0.83111,1,0,0.0,6,2.30921,1,2.76326,1,0.0,0,0,0,0,0,0,0.0,1,1,1,1,1,1,1,0,0.0,0,,0.0,0.0,0,
0,NewMedia0,104668,713.02026,6007121026158,0.31866,0.6992,713.0,0.02026,3348,1,0.27905,0.73811,1,0.21667,0.68889,1, ,0,,0.25194,0.57011,12.64063,0.86563,1,0.58443,0.52814,13.12352,0.86563,1,0,0.0,8,2.39475,1,2.73233,1,0.0,0,0,0,0,0,0,0.0,1,1,1,1,1,1,1,0,0.0,0,,0.0,0.0,0,
0,NewMedia0,104682,713.11462,6007121969863,0.32174,0.71386,713.0,0.11462,3348,1,0.29831,0.71366,1,0.21667,0.68889,3, ,0,,0.24833,0.5767,13.37191,0.86554,1,0.58128,0.53242,12.5404,0.86554,1,0,0.0,8,2.33189,1,2.72913,1,0.0,0,0,0,0,0,0,0.0,1,1,1,1,1,1,1,0,0.0,0,,0.0,0.0,0,
0,NewMedia0,104740,713.50342,6007125858595,0.45982,0.62112,713.36218,0.12708,3350,0,0.55336,0.63666,1,0.21354,0.72593,1, ,0,,0.26005,0.57263,12.71977,0.83708,1,0.59401,0.5273,12.03654,0.83708,1,0,0.0,8,2.36303,1,2.48938,1,0.0,0,0,0,0,0,0,0.0,1,1,1,1,1,1,1,0,0.0,0,,0.0,0.0,0,
0,NewMedia0,104749,713.56299,6007126454168,0.59354,0.62696,713.51587,0.04712,3351,1,0.63726,0.60027,1,0.21354,0.72593,3, ,0,,0.26396,0.56854,12.04062,0.85541,1,0.59756,0.52425,11.5987,0.85541,1,0,0.0,8,2.4819,1,2.53276,1,0.0,0,0,0,0,0,0,0.0,1,1,1,1,1,1,1,0,0.0,0,,0.0,0.0,0,
0,NewMedia0,104971,715.04993,6007141322843,0.65973,0.35363,714.79565,0.25427,3358,1,0.66047,0.32121,1,0.58177,0.15185,1, ,0,,0.24991,0.54915,14.91227,0.86061,1,0.57911,0.50267,15.46549,0.85559,1,0,0.0,7,2.96521,1,2.89446,1,0.0,0,0,0,0,0,0,0.0,1,1,1,1,1,1,1,0,0.0,0,,0.0,0.0,0,
0,NewMedia0,104983,715.13037,6007142127496,0.66069,0.34676,714.79565,0.33472,3358,1,0.66492,0.29498,1,0.58229,0.15185,3, ,0,,0.251,0.55041,14.64597,0.86061,1,0.58033,0.50301,14.17749,0.85559,1,0,0.0,7,2.97139,1,3.19077,1,0.0,0,0,0,0,0,0,0.0,1,1,1,1,1,1,1,0,0.0,0,,0.0,0.0,0,
0,NewMedia0,105010,715.31104,6007143934770,0.67094,0.34114,715.26599,0.04504,3360,1,0.67337,0.34526,1,0.58177,0.15648,1, ,0,,0.25113,0.55255,14.776,0.85541,1,0.58065,0.50459,13.92494,0.85541,1,0,0.0,7,2.91377,1,3.04396,1,0.0,0,0,0,0,0,0,0.0,1,1,1,1,1,1,1,0,0.0,0,,0.0,0.0,0,
0,NewMedia0,105020,715.37793,6007144603364,0.62948,0.35494,715.26599,0.11194,3360,1,0.5171,0.3408,1,0.58177,0.15648,3, ,0,,0.24746,0.55229,14.37447,0.85541,1,0.57656,0.50557,13.80041,0.85541,1,0,0.0,7,2.89318,1,3.06284,1,0.0,0,0,0,0,0,0,0.0,1,1,1,1,1,1,1,0,0.0,0,,97.24123,194.24135,0,
0,NewMedia0,105142,716.1969,6007152792869,0.6437,0.35501,716.10144,0.09546,3363,1,0.64231,0.39397,1,0.59896,0.17963,1, ,0,,0.25599,0.55721,14.52458,0.85057,1,0.58643,0.50942,13.98884,0.85559,1,0,0.0,7,2.85858,1,3.10186,1,0.0,0,0,0,0,0,0,0.0,1,1,1,1,1,1,1,0,0.0,0,,0.0,0.0,0,
0,NewMedia0,105156,716.28906,6007153714693,0.64327,0.36553,716.10144,0.18762,3363,1,0.65618,0.3434,1,0.59896,0.17963,3, ,0,,0.25826,0.55744,14.75135,0.86043,1,0.58802,0.5095,13.75928,0.85541,1,0,0.0,7,2.85157,1,3.01723,1,0.0,0,0,0,0,0,0,0.0,1,1,1,1,1,1,1,0,0.0,0,,0.0,0.0,0,
0,NewMedia0,105270,717.05249,6007161349237,0.27357,0.76909,716.84509,0.2074,3366,1,0.25184,0.74803,1,0.2026,0.69259,1, ,0,,0.23273,0.57353,13.24432,0.8511,1,0.56308,0.52164,12.26216,0.8607,1,0,0.0,7,2.31891,1,2.74298,1,0.0,0,0,0,0,0,0,0.0,1,1,1,1,1,1,1,0,0.0,0,,0.0,0.0,0,
0,NewMedia0,105282,717.13306,6007162154775,0.27122,0.76607,716.84509,0.28796,3366,1,0.25913,0.76554,1,0.20312,0.69259,3, ,0,,0.23425,0.57338,12.65834,0.8511,1,0.5651,0.52285,12.65081,0.8607,1,0,0.0,7,2.42278,1,2.66542,1,0.0,0,0,0,0,0,0,0.0,1,1,1,1,1,1,1,0,0.0,0,,0.0,0.0,0,
0,NewMedia0,105353,717.60852,6007166909187,0.27989,0.79599,717.24695,0.36157,3367,1,0.28719,0.78278,1,0.2099,0.72037,1, ,0,,0.23381,0.57488,13.12887,0.87549,1,0.56411,0.52369,12.46913,0.87549,1,0,0.0,7,2.38864,1,2.57638,1,0.0,0,0,0,0,0,0,0.0,1,1,1,1,1,1,1,0,0.0,0,,0.0,0.0,0,
0,NewMedia0,105366,717.69592,6007167782854,0.29144,0.76333,717.63525,0.06067,3368,1,0.27188,0.77505,1,0.2099,0.72037,3, ,0,,0.23419,0.57443,12.91647,0.83189,1,0.56496,0.52327,12.46343,0.83189,1,0,0.0,7,2.40018,1,2.65889,1,0.0,0,0,0,0,0,0,0.0,1,1,1,1,1,1,1,0,0.0,0,,0.0,0.0,0,
0,NewMedia0,105408,717.97681,6007170592246,0.293,0.79042,717.63525,0.34155,3368,1,0.28658,0.77352,1,0.21198,0.73056,1, ,0,,0.23263,0.57244,12.48237,0.87056,1,0.56327,0.5209,11.84964,0.86554,1,0,0.0,7,2.43783,1,2.80341,1,0.0,0,0,0,0,0,0,0.0,1,1,1,1,1,1,1,0,0.0,0,,0.0,0.0,0,
0,NewMedia0,105418,718.04419,6007171266266,0.29391,0.79171,717.63525,0.40894,3368,1,0.28602,0.78664,1,0.2125,0.73056,3, ,0,,0.23231,0.5721,12.46832,0.87549,1,0.56394,0.5211,12.4063,0.87549,1,0,0.0,7,2.17328,1,2.66574,1,0.0,0,0,0,0,0,0,0.0,1,1,1,1,1,1,1,0,0.0,0,,0.0,0.0,0,
0,NewMedia0,105826,720.90063,6007199830423,0.28678,0.73345,720.75769,0.14294,3381,1,0.30886,0.74501,1,0.20156,0.6713,1, ,0,,0.21054,0.57834,13.51815,0.87047,1,0.53926,0.51877,12.43138,0.86545,1,0,0.0,8,2.49739,1,2.73942,1,0.0,0,0,0,0,0,0,0.0,1,1,1,1,1,1,1,0,0.0,0,,0.0,0.0,0,
0,NewMedia0,105838,720.97791,6007200603206,0.25845,0.76293,720.75769,0.20679,3381,0,0.25201,0.75373,1,0.20156,0.6713,3, ,0,,0.2114,0.57548,13.40953,0.85541,1,0.54061,0.51704,11.75861,0.85541,1,0,0.0,8,2.20523,1,2.72906,1,0.0,0,0,0,0,0,0,0.0,1,1,1,1,1,1,1,0,0.0,0,,0.0,0.0,0,
0,NewMedia0,106086,722.64575,6007217281555,0.35093,0.69499,722.57214,0.07361,3391,1,0.30672,0.68856,1,0.20729,0.7287,1, ,0,,0.21935,0.57644,11.83957,0.87549,1,0.54824,0.51804,11.26876,0.87549,1,0,0.0,8,2.30908,1,2.56571,1,0.0,0,0,0,0,0,0,0.0,1,1,1,1,1,1,1,0,0.0,0,,0.0,0.0,0,
0,NewMedia0,106099,722.73352,6007218158992,0.33623,0.70355,722.57214,0.16138,3391,1,0.35389,0.70805,1,0.20729,0.7287,3, ,0,,0.21995,0.57666,12.56864,0.87549,1,0.54876,0.51819,10.71243,0.87549,1,0,0.0,8,2.23584,1,2.51801,1,0.0,0,0,0,0,0,0,0.0,1,1,1,1,1,1,1,0,0.0,0,,0.0,0.0,0,
0,NewMedia0,106886,728.00439,6007270868445,0.28426,0.78793,727.94397,0.06042,3421,1,0.27147,0.76442,1,0.21719,0.66574,1, ,0,,0.21543,0.57766,11.63027,0.88674,1,0.54504,0.52141,11.06785,0.89176,1,0,0.0,7,2.15431,1,2.61602,1,0.0,0,0,0,0,0,0,0.0,1,1,1,1,1,1,1,0,0.0,0,,0.0,0.0,0,
0,NewMedia0,106898,728.08521,6007271675500,0.28,0.79085,727.94397,0.14124,3421,1,0.28301,0.79082,1,0.21719,0.66574,3, ,0,,0.21716,0.57757,10.99976,0.87047,1,0.54724,0.52226,11.43735,0.87047,1,0,0.0,7,2.2217,1,2.6658,1,0.0,0,0,0,0,0,0,0.0,1,1,1,1,1,1,1,0,0.0,0,,0.0,0.0,0,
0,NewMedia0,107086,729.34424,6007284266300,0.50746,0.66252,729.31067,0.03357,3425,1,0.51167,0.68829,1,0.2099,0.72963,1, ,0,,0.22978,0.57571,11.73609,0.85066,1,0.5601,0.51985,11.83899,0.84564,1,0,0.0,7,2.30604,1,2.35931,1,0.0,0,0,0,0,0,0,0.0,1,1,1,1,1,1,1,0,0.0,0,,0.0,0.0,0,
0,NewMedia0,107101,729.448,6007285303353,0.50188,0.66945,729.31067,0.13733,3425,1,0.50019,0.70052,1,0.2099,0.72963,3, ,0,,0.23023,0.575,10.96197,0.85066,1,0.56075,0.51942,11.47704,0.85568,1,0,0.0,7,2.3464,1,2.26228,1,0.0,0,0,0,0,0,0,0.0,1,1,1,1,1,1,1,0,0.0,0,,0.0,0.0,0,
0,NewMedia0,108738,740.53711,6007396194807,0.35073,0.68321,740.51013,0.02698,3488,1,0.36394,0.68591,1,0.21875,0.66204,1, ,0,,0.26353,0.57901,13.48064,0.85577,1,0.59153,0.53935,12.1539,0.85577,1,0,0.0,9,2.26146,1,2.38238,1,0.0,0,0,0,0,0,0,0.0,1,1,1,1,1,1,1,0,0.0,0,,0.0,0.0,0,
0,NewMedia0,108755,740.65186,6007397342934,0.36251,0.69826,740.51013,0.14172,3488,1,0.24546,0.73389,1,0.21875,0.66204,3, ,0,,0.25983,0.58108,13.06349,0.85609,1,0.58798,0.54164,13.33765,0.86664,1,0,0.0,9,2.29094,1,2.78917,1,0.0,0,0,0,0,0,0,0.0,1,1,1,1,1,1,1,0,0.0,0,,0.0,0.0,0,
0,NewMedia0,108813,741.04749,6007401298364,0.28457,0.75939,740.6709,0.37659,3489,1,0.29261,0.73253,1,0.2151,0.71759,1, ,0,,0.25967,0.57867,13.03191,0.89196,1,0.58711,0.53937,12.94618,0.89748,1,0,0.0,8,2.50005,1,2.74357,1,0.0,0,0,0,0,0,0,0.0,1,1,1,1,1,1,1,0,0.0,0,,0.0,0.0,0,
0,NewMedia0,108829,741.14636,6007402288148,0.30833,0.71436,741.07959,0.06677,3490,1,0.3216,0.69671,1,0.2151,0.72037,3, ,0,,0.25781,0.57711,13.36876,0.87549,1,0.58539,0.53713,12.68894,0.87047,1,0,0.0,8,2.41169,1,2.79401,1,0.0,0,0,0,0,0,0,0.0,1,1,1,1,1,1,1,0,0.0,0,,0.0,0.0,0,
0,NewMedia0,108867,741.40112,6007404835164,0.30176,0.71433,741.07959,0.32153,3490,1,0.27865,0.74435,1,0.2151,0.73056,1, ,0,,0.25705,0.57607,13.29064,0.89176,1,0.58427,0.53588,12.09798,0.89176,1,0,0.0,8,2.40159,1,2.66839,1,0.0,0,0,0,0,0,0,0.0,1,1,1,1,1,1,1,0,0.0,0,,0.0,0.0,0,
0,NewMedia0,108880,741.48816,6007405705871,0.28694,0.73678,741.44788,0.04028,3491,1,0.24073,0.74047,1,0.2151,0.73148,3, ,0,,0.25812,0.57539,12.86563,0.88102,1,0.58622,0.53516,11.50518,0.88102,1,0,0.0,8,2.25807,1,2.78621,1,0.0,0,0,0,0,0,0,0.0,1,1,1,1,1,1,1,0,0.0,0,,0.0,0.0,0,
0,NewMedia0,110627,753.27075,6007523532033,0.50632,0.47945,753.19678,0.07397,3563,1,0.49357,0.44204,1,0.2151,0.675,1, ,0,,0.24064,0.56886,12.79691,0.91375,1,0.56566,0.51863,12.07745,0.90823,1,0,0.0,8,2.57174,1,2.78881,1,0.0,0,0,0,0,0,0,0.0,1,1,1,1,1,1,1,0,0.0,0,,0.0,0.0,0,
0,NewMedia0,110646,753.39783,6007524801670,0.59171,0.62527,753.36438,0.03345,3564,1,0.57075,0.61391,1,0.2151,0.675,3, ,0,,0.24689,0.57668,11.56568,0.89314,1,0.57168,0.5271,9.99022,0.88812,1,0,0.0,8,2.38367,1,2.67008,1,0.0,0,0,0,0,0,0,0.0,1,1,1,1,1,1,1,0,0.0,0,,0.0,0.0,0,
0,NewMedia0,110856,754.80432,6007538867481,0.28161,0.7541,754.78455,0.01978,3570,1,0.25428,0.78186,1,0.20937,0.72315,1, ,0,,0.22936,0.57946,12.83898,0.89719,1,0.55448,0.52878,12.53596,0.89719,1,0,0.0,8,2.25815,1,2.68886,1,0.0,0,0,0,0,0,0,0.0,1,1,1,1,1,1,1,0,0.0,0,,0.0,0.0,0,
0,NewMedia0,110871,754.90503,6007539874248,0.26876,0.7445,754.78455,0.12048,3570,1,0.25654,0.71434,1,0.20937,0.72315,3, ,0,,0.22961,0.57972,13.02169,0.90823,1,0.55469,0.52911,12.97989,0.90271,1,0,0.0,8,2.31323,1,2.63751,1,0.0,0,0,0,0,0,0,0.0,1,1,1,1,1,1,1,0,0.0,0,,0.0,0.0,0,
0,NewMedia0,112091,763.09741,6007621797597,0.30823,0.79755,762.73535,0.36206,3612,1,0.31833,0.76848,1,0.20729,0.67685,1, ,0,,0.19118,0.59754,12.47599,0.85541,1,0.51753,0.53015,10.94955,0.85541,1,0,0.0,7,2.29217,1,2.70714,1,0.0,0,0,0,0,0,0,0.0,1,1,1,1,1,1,1,0,0.0,0,,112.37609,276.93796,0,
0,NewMedia0,112102,763.17078,6007622532001,0.33017,0.79352,763.10388,0.06689,3613,1,0.34525,0.81238,1,0.20729,0.67685,3, ,0,,0.19115,0.59745,12.75727,0.85541,1,0.51797,0.53051,11.17457,0.85541,1,0,0.0,7,2.25251,1,2.57693,1,0.0,0,0,0,0,0,0,0.0,1,1,1,1,1,1,1,0,0.0,0,,0.0,0.0,0,
0,NewMedia0,112126,763.33179,6007624141413,0.31212,0.77277,763.27136,0.06042,3614,1,0.32511,0.76063,1,0.20885,0.66852,1, ,0,,0.19422,0.59641,11.91411,0.87549,1,0.52136,0.52971,11.10185,0.87549,1,0,0.0,7,2.16547,1,2.47548,1,0.0,0,0,0,0,0,0,0.0,1,1,1,1,1,1,1,0,0.0,0,,0.0,0.0,0,
0,NewMedia0,112140,763.42554,6007625078767,0.31742,0.76991,763.27136,0.15417,3614,1,0.28934,0.74285,1,0.20937,0.66852,3, ,0,,0.19586,0.59713,11.75262,0.89176,1,0.52237,0.53043,11.5766,0.89176,1,0,0.0,7,2.3077,1,2.59029,1,0.0,0,0,0,0,0,0,0.0,1,1,1,1,1,1,1,0,0.0,0,,0.0,0.0,0,
0,NewMedia0,112189,763.75391,6007628362614,0.29005,0.79071,763.61279,0.14111,3615,1,0.3727,0.74822,1,0.20833,0.72593,1, ,0,,0.19883,0.59705,12.70793,0.88213,1,0.52597,0.53052,11.80314,0.88213,1,0,0.0,7,2.20701,1,2.41022,1,0.0,0,0,0,0,0,0,0.0,1,1,1,1,1,1,1,0,0.0,0,,0.0,0.0,0,
0,NewMedia0,112202,763.8407,6007629231062,0.35037,0.75908,763.78699,0.05371,3616,1,0.34302,0.74618,1,0.20833,0.72593,3, ,0,,0.19958,0.59581,12.08208,0.86142,1,0.52671,0.53002,11.29988,0.86644,1,0,0.0,7,2.27726,1,2.4941,1,0.0,0,0,0,0,0,0,0.0,1,1,1,1,1,1,1,0,0.0,0,,0.0,0.0,0,
0,NewMedia0,113384,771.83179,6007709141949,0.28659,0.76688,771.57727,0.25452,3662,1,0.29198,0.72633,1,0.22187,0.68981,1, ,0,,0.20951,0.59251,12.75707,0.88222,1,0.53511,0.53013,11.86044,0.88222,1,0,0.0,8,2.21615,1,2.55452,1,0.0,0,0,0,0,0,0,0.0,1,1,1,1,1,1,1,0,0.0,0,,0.0,0.0,0,
0,NewMedia0,113399,771.93225,6007710145918,0.28168,0.75024,771.85193,0.08032,3663,1,0.27916,0.73509,1,0.22187,0.68981,3, ,0,,0.21157,0.59274,11.76355,0.8767,1,0.53665,0.53065,11.87452,0.8767,1,0,0.0,8,2.36044,1,2.60078,1,0.0,0,0,0,0,0,0,0.0,1,1,1,1,1,1,1,0,0.0,0,,0.0,0.0,0,
0,NewMedia0,113462,772.35535,6007714377842,0.58552,0.68784,772.24719,0.10815,3665,1,0.59713,0.69295,1,0.21458,0.73611,1, ,0,,0.22253,0.59103,11.99373,0.87168,1,0.54917,0.52908,11.03178,0.8671,1,0,0.0,8,2.30403,1,2.33965,1,0.0,0,0,0,0,0,0,0.0,1,1,1,1,1,1,1,0,0.0,0,,0.0,0.0,0,
0,NewMedia0,113475,772.44153,6007715238750,0.58585,0.69627,772.24719,0.19434,3665,1,0.58532,0.65676,1,0.21458,0.73611,3, ,0,,0.22266,0.59108,11.62142,0.88634,1,0.54978,0.52853,12.16222,0.88634,1,0,0.0,8,2.42958,1,2.13236,1,0.0,0,0,0,0,0,0,0.0,1,1,1,1,1,1,1,0,0.0,0,,0.0,0.0,0,
0,NewMedia0,114628,780.17224,6007792546135,0.28542,0.77335,780.11108,0.06116,3706,1,0.31532,0.77922,1,0.21146,0.65926,1, ,0,,0.2061,0.59448,13.17139,0.88213,1,0.53211,0.53101,11.23687,0.88213,1,0,0.0,7,2.51205,1,2.6155,1,0.0,0,0,0,0,0,0,0.0,1,1,1,1,1,1,1,0,0.0,0,,0.0,0.0,0,
0,NewMedia0,114641,780.2583,6007793407217,0.2977,0.77082,780.11108,0.14722,3706,1,0.31592,0.81736,1,0.21198,0.65926,3, ,0,,0.20602,0.59436,13.03243,0.89217,1,0.53214,0.53039,11.82351,0.88715,1,0,0.0,7,2.49638,1,2.64317,1,0.0,0,0,0,0,0,0,0.0,1,1,1,1,1,1,1,0,0.0,0,,0.0,0.0,0,
0,NewMedia0,114699,780.64734,6007797296754,0.29448,0.74702,780.45251,0.19482,3707,1,0.27732,0.7683,1,0.21042,0.72963,1, ,0,,0.20351,0.59393,13.00045,0.86084,1,0.52971,0.53014,12.2812,0.86084,1,0,0.0,7,2.57143,1,2.6491,1,0.0,0,0,0,0,0,0,0.0,1,1,1,1,1,1,1,0,0.0,0,,0.0,0.0,0,
0,NewMedia0,114710,780.72034,6007798026887,0.81202,2.56824,780.45251,0.2345,3707,0,1.10476,2.61245,1,0.21042,0.72963,3, ,0,,0.21392,0.58924,12.09579,0.87549,1,0.53942,0.52434,11.03386,0.87549,1,0,0.0,7,2.3614,1,2.0117,1,0.0,0,0,0,0,0,0,0.0,1,1,1,1,1,1,1,0,0.0,0,,0.0,0.0,0,
0,NewMedia0,115041,782.93787,6007820202872,0.44249,0.37377,782.86389,0.07397,3718,1,0.43189,0.36567,1,0.40521,0.45648,1, ,0,,0.21367,0.58234,13.11827,0.90823,1,0.53834,0.52074,11.86246,0.91375,1,0,0.0,7,2.90026,1,2.87795,1,0.0,0,0,0,0,0,0,0.0,1,1,1,1,1,1,1,0,0.0,0,,0.0,0.0,0,
0,NewMedia0,115052,783.01135,6007820936898,0.45095,0.36045,782.86389,0.14746,3718,1,0.47478,0.36353,1,0.40521,0.45648,3, ,0,,0.21415,0.58329,12.8028,0.89719,1,0.5388,0.52059,12.58259,0.89719,1,0,0.0,7,2.69874,1,3.05678,1,0.0,0,0,0,0,0,0,0.0,1,1,1,1,1,1,1,0,0.0,0,,0.0,0.0,0,
0,NewMedia0,115504,786.03906,6007851213945,0.26424,0.65833,785.97192,0.06714,3732,1,0.25886,0.64519,1,0.36458,0.64167,1, ,0,,0.20516,0.59204,14.60404,0.90331,1,0.5308,0.52953,13.85974,0.90833,1,0,0.0,7,2.43905,1,2.7619,1,0.0,0,0,0,0,0,0,0.0,1,1,1,1,1,1,1,0,0.0,0,,0.0,0.0,0,
0,NewMedia0,115524,786.17297,6007852553636,0.32364,0.7123,786.14124,0.03174,3733,1,0.44371,0.76739,1,0.36458,0.64167,3, ,0,,0.21269,0.59,14.58058,0.85758,1,0.53925,0.5285,13.22522,0.853,1,0,0.0,7,2.23032,1,2.62215,1,0.0,0,0,0,0,0,0,0.0,1,1,1,1,1,1,1,0,0.0,0,,0.0,0.0,0,
0,NewMedia0,115533,786.23438,6007853167755,0.43486,0.72131,786.14124,0.08533,3733,0,0.45191,0.67677,1,0.36458,0.64167,1, ,0,,0.21222,0.58727,13.61913,0.87679,1,0.53817,0.52515,12.77692,0.88181,1,0,0.0,7,2.29292,1,2.43638,1,0.0,0,0,0,0,0,0,0.0,1,1,1,1,1,1,1,0,0.0,0,,0.0,0.0,0,
0,NewMedia0,115635,786.91638,6007859987653,0.27067,0.6885,786.58154,0.33484,3735,1,0.25569,0.63823,1,0.18021,0.63056,3, ,0,,0.20792,0.59022,14.14251,0.90281,1,0.53231,0.52733,12.83534,0.90833,1,0,0.0,7,2.43508,1,2.72948,1,0.0,0,0,0,0,0,0,0.0,1,1,1,1,1,1,1,0,0.0,0,,0.0,0.0,0,
0,NewMedia0,115754,787.71375,6007867961274,0.27144,0.75516,787.67358,0.04016,3737,1,0.27058,0.71738,1,0.1974,0.6463,1, ,0,,0.20519,0.59242,14.25886,0.88803,1,0.53063,0.52964,12.22313,0.87748,1,0,0.0,7,2.23547,1,2.78549,1,0.0,0,0,0,0,0,0,0.0,1,1,1,1,1,1,1,0,0.0,0,,0.0,0.0,0,
0,NewMedia0,115766,787.79395,6007868763476,0.27581,0.73896,787.67358,0.12036,3737,1,0.25113,0.71132,1,0.1974,0.6463,3, ,0,,0.2055,0.59199,14.01441,0.89186,1,0.53081,0.52877,12.1763,0.89739,1,0,0.0,7,2.30854,1,2.82248,1,0.0,0,0,0,0,0,0,0.0,1,1,1,1,1,1,1,0,0.0,0,,0.0,0.0,0,
0,NewMedia0,115895,788.65833,6007877406623,0.42191,0.57057,788.49048,0.16785,3740,1,0.45391,0.55163,1,0.36562,0.44907,1, ,0,,0.21248,0.58799,12.27624,0.88634,1,0.53725,0.52647,12.69243,0.88634,1,0,0.0,7,2.38105,1,2.67521,1,0.0,0,0,0,0,0,0,0.0,1,1,1,1,1,1,1,0,0.0,0,,0.0,0.0,0,
0,NewMedia0,115906,788.73181,6007878141472,0.41844,0.56853,788.49048,0.24133,3740,1,0.41363,0.59084,1,0.36562,0.44907,3, ,0,,0.21324,0.58864,12.92381,0.87047,1,0.53856,0.52639,12.57636,0.87549,1,0,0.0,7,2.31995,1,2.61698,1,0.0,0,0,0,0,0,0,0.0,1,1,1,1,1,1,1,0,0.0,0,,0.0,0.0,0,
0,NewMedia0,117049,796.45508,6007955374738,0.34288,0.72444,796.40149,0.05359,3768,1,0.4122,0.71595,1,0.31146,0.64167,1, ,0,,0.21287,0.58173,13.66895,0.87648,1,0.53882,0.52151,12.51837,0.87648,1,0,0.0,8,2.2811,1,3.08726,1,0.0,0,0,0,0,0,0,0.0,1,1,1,1,1,1,1,0,0.0,0,,0.0,0.0,0,
0,NewMedia0,117063,796.54871,6007956310605,0.40229,0.57281,796.50842,0.04028,3769,1,0.3969,0.55745,1,0.31146,0.64167,3, ,0,,0.21347,0.58198,13.13845,0.89217,1,0.53875,0.52203,13.39902,0.89719,1,0,0.0,8,2.35233,1,2.55659,1,0.0,0,0,0,0,0,0,0.0,1,1,1,1,1,1,1,0,0.0,0,,0.0,0.0,0,
0,NewMedia0,117104,796.828,6007959104210,0.41181,0.59272,796.68286,0.14514,3770,1,0.38081,0.54469,1,0.34479,0.50463,1, ,0,,0.21191,0.58131,13.55174,0.88683,1,0.53661,0.52034,13.07869,0.88683,1,0,0.0,8,2.49628,1,2.68517,1,0.0,0,0,0,0,0,0,0.0,1,1,1,1,1,1,1,0,0.0,0,,0.0,0.0,0,
0,NewMedia0,117115,796.89685,6007959792405,0.38334,0.55024,796.84998,0.04688,3771,1,0.40664,0.55223,1,0.34479,0.50463,3, ,0,,0.21355,0.58407,14.00966,0.88213,1,0.53881,0.52331,13.36713,0.88715,1,0,0.0,8,2.39582,1,2.70553,1,0.0,0,0,0,0,0,0,0.0,1,1,1,1,1,1,1,0,0.0,0,,0.0,0.0,0,
0,NewMedia0,117208,797.5199,6007966022777,0.4398,0.47638,797.46643,0.05347,3774,1,0.44317,0.49555,1,0.35625,0.49537,1, ,0,,0.22202,0.58439,14.63144,0.8771,1,0.54815,0.52583,14.49249,0.8771,1,0,0.0,8,2.68733,1,2.7756,1,0.0,0,0,0,0,0,0,0.0,1,1,1,1,1,1,1,0,0.0,0,,0.0,0.0,0,
0,NewMedia0,117223,797.62073,6007967030666,0.43483,0.49232,797.46643,0.1543,3774,1,0.43147,0.50948,1,0.35625,0.49537,3, ,0,,0.22508,0.58307,14.7562,0.87146,1,0.55127,0.52591,14.83938,0.86644,1,0,0.0,7,2.33256,1,2.70811,1,0.0,0,0,0,0,0,0,0.0,1,1,1,1,1,1,1,0,0.0,0,,0.0,0.0,0,
0,NewMedia0,120599,820.55713,6008196395602,0.41267,0.94871,820.34119,0.21594,3859,1,0.43739,0.90723,1,0.41146,0.9713,1, ,0,,0.36609,0.77008,14.24498,1.19794,1,0.64929,0.7183,12.85117,1.19794,1,0,0.0,18,2.79771,1,2.68388,1,0.0,0,0,0,0,0,0,0.0,1,1,1,1,1,1,1,0,0.0,0,,0.0,0.0,0,
0,NewMedia0,120608,820.61597,6008196984071,0.4153,0.94904,820.34119,0.27478,3859,1,0.42883,0.93516,1,0.41146,0.9713,3, ,0,,0.36285,0.76733,13.6208,1.16055,1,0.64598,0.71516,12.45926,1.16908,1,0,0.0,18,2.62219,1,2.5932,1,0.0,0,0,0,0,0,0,0.0,1,1,1,1,1,1,1,0,0.0,0,,0.0,0.0,0,
0,NewMedia0,120955,822.94202,6008220243946,0.34395,0.64218,822.53174,0.41028,3870,1,0.35415,0.66467,1,0.31615,0.62593,1, ,0,,0.31129,0.71303,13.28656,1.11503,1,0.59281,0.65392,14.54361,1.11503,1,0,0.0,18,2.58351,1,2.69519,1,0.0,0,0,0,0,0,0,0.0,1,1,1,1,1,1,1,0,0.0,0,,0.0,0.0,0,
0,NewMedia0,120967,823.02063,6008221030702,0.34077,0.65067,822.53174,0.48889,3870,1,0.33748,0.65277,1,0.31615,0.62593,3, ,0,,0.31159,0.71336,13.10469,1.1871,1,0.59287,0.65408,14.67604,1.1871,1,0,0.0,18,2.56964,1,2.72457,1,0.0,0,0,0,0,0,0,0.0,1,1,1,1,1,1,1,0,0.0,0,,0.0,0.0,0,
0,NewMedia0,123137,837.68359,6008367659416,0.39348,0.85091,836.99341,0.66968,3944,0,0.39289,0.81253,1,0.39427,0.97685,1, ,0,,0.2776,0.72729,14.48726,1.11503,1,0.56443,0.67064,14.31208,1.11503,1,0,0.0,18,2.65255,1,2.77313,1,0.0,0,0,0,0,0,0,0.0,1,1,1,1,1,1,1,0,0.0,0,,0.0,0.0,0,
0,NewMedia0,123161,837.84399,6008369263768,0.41561,0.87505,837.66992,0.17407,3945,1,0.41295,0.85842,1,0.39427,0.97685,3, ,0,,0.27719,0.72765,14.02271,1.15299,1,0.56327,0.67034,14.64295,1.15299,1,0,0.0,18,2.70382,1,2.63412,1,0.0,0,0,0,0,0,0,0.0,1,1,1,1,1,1,1,0,0.0,0,,0.0,0.0,0,
0,NewMedia0,123698,841.44128,6008405236490,0.45057,0.08977,840.73792,0.69653,3961,0,0.46527,0.09552,1,0.37708,0.10833,1, ,0,,0.27012,0.69595,15.33053,1.12356,1,0.55262,0.63444,15.03429,1.12356,1,0,0.0,18,3.0703,1,2.94346,1,0.0,0,0,0,0,0,0,0.0,1,1,1,1,1,1,1,0,0.0,0,,0.0,0.0,0,
